index,name,add,postcode,owner,status,a,b,lat,long,city,notes
309158,All Inn One,"Foresters Arms, 53 Perry Vale, Forest Hill, London",SE23 2NE,Fauna Brewing,open,535458,172856,51.438512,-0.052502,Lewisham,
309283,Bellingham Ex-servicemen's club,"Bellingham Club, Allerford Road, London",SE6 3DD,Independent,open,537946,172080,51.43094,-0.017026,Lewisham,
309309,Bird In Hand,"Bird in Hand, Bird In Hand, 35 Dartmouth Road, London",SE23 3HN,Antic,open,535343,172791,51.437956,-0.05418,Lewisham,
309325,Blythe Hill Tavern,"The Blythe Hotel, 319 Stanstead Road, Catford, London",SE23 1JB,Independent,open,536665,173331,51.442493,-0.034959,Lewisham,
309374,Brookmill Pub,"The Brookmill Pub, 65 Cranbrook Road, London",SE8 4EJ,Independent,open,537470,176520,51.470963,-0.02215,Lewisham,
309478,Catford Bridge Tavern,"Catford Bridge Tavern Pub, Catford Road, London",SE6 4PZ,Portobello Brewery,open,537387,173593,51.444671,-0.02448,Lewisham,
309649,Crofton Park Tavern,"332 Brockley Road, Crofton Park, London",SE4 2BT,Mosaic Pub & Dining,open,536505,174843,51.456118,-0.036677,Lewisham,
309650,CROWN,"The Little Crown, 495 New Cross Road, London",SE14 6TQ,Town Centre Inns,open,622675,-5527598,\N,\N,Lewisham,
309704,Dirty South,"162 Lee High Road, London",SE13 5PR,Unknown,closed,538784,175260,51.459311,-0.003733,Lewisham,
309739,Sarah's Place,"214 Hither Green Lane, Hither Green, London",SE13 6RT,Independent,open,538631,174316,51.450865,-0.006309,Lewisham,
309743,Duke of Edinburgh,"Duke Of Edinburgh Public House, 394 Lee High Road, London",SE12 8RW,Independent,open,539793,174970,51.456457,0.010666,Lewisham,
309747,Earl of Derby,"Earl Of Derby, 87 Dennetts Road, London",SE14 5LW,Parched,open,535507,176400,51.470349,-0.050436,Lewisham,
309821,Five Bells,"155 New Cross Road, London",SE14 5DJ,Stonegate,open,535696,177038,51.476037,-0.047472,Lewisham,Craft Union Pub Company
309855,Fox's,"Fox and Hounds, Fox And Hounds, 150 Kirkdale, London",SE26 4BB,Town Centre Inns,open,534957,172001,51.430948,-0.060017,Lewisham,
309983,Hare & Billet,"Hare And Billet, 1A Eliot Cottages, Hare And Billet Road, Blackheath",SE3 0QJ,Greene King,open,539270,176224,51.467863,0.003632,Lewisham,Under Metropolitan
310012,Hill,"The Hill, 45-47 Dartmouth Road, London",SE23 3HN,Stonegate,open,535336,172775,51.437805,-0.054282,Lewisham,
310019,Hither Green Railway Club,"19 Beacon Road, Hither Green, London",SE13 6EQ,Hither Green & District Railwaymens Social Club,open,538688,174399,51.451598,-0.005451,Lewisham,
310149,Joyce,"294 - 296 Brockley Road, Crofton Park, London",SE4 2RA,Independent,open,536668,175186,51.45916,-0.034205,Lewisham,
310249,Ladywell Tavern,"80 Ladywell Road, Ladywell, London",SE13 7HS,Punch Pubs & Co (Punch Taverns),open,537564,174892,51.456302,-0.021426,Lewisham,
310310,Lewisham Tavern,"The White Horse, 1 Lee High Road, London",SE13 5LD,Stonegate,open,538447,175588,51.462341,-0.008453,Lewisham,Craft Union Pub Company
310346,Little Faith,"G 10 The Artworks, 3 Creekside, London",SE8 4SA,Independent,open,537441,177107,51.476245,-0.022339,Lewisham,
310442,Marquis of Granby,"322 New Cross Road, London",SE14 6AG,Independent,open,536618,177021,51.475671,-0.03421,Lewisham,
310460,Meatliquor,"The Dartmouth Arms, 7 Dartmouth Road, London",SE23 3HN,Meatliquor,closed,535370,172870,51.438659,-0.053748,Lewisham,
310612,New Cross Inn,"323 New Cross Road, London",SE14 6AS,Independent,open,536335,177008,51.475623,-0.038288,Lewisham,
310686,Orange Buffalo,"Catford Bridge Tavern Station Approach, Catford Road, London",SE6 4RE,Portobello Brewery,open,537387,173593,51.444671,-0.02448,Lewisham,
310841,Prince of Wales,"Prince Of Wales, 52 Perry Rise, London",SE23 2QL,Heineken,closed,536168,172333,51.433642,-0.042494,Lewisham,
310842,Princess of Wales,"1A Montpelier Row, Blackheath, London",SE3 0RL,Mitchells & Butlers,open,539685,176277,51.468229,0.009629,Lewisham,
310867,Railway Tavern,"401 Southend Lane, Bellingham, London",SE26 5BH,Independent,open,536786,171724,51.428022,-0.033839,Lewisham,
310901,Rising Sun,"The Rising Sun, 120 Loampit Vale, Lewisham, London",SE13 7SN,Stonegate,open,537771,175922,51.465507,-0.018047,Lewisham,
310926,Royal Albert,"460 New Cross Road, London",SE14 6TJ,Portobello Brewery,open,537117,176949,51.474895,-0.027058,Lewisham,
310928,Royal Standard,"Royal Standard Pub, Royal Standard, 86 Tanners Hill, London",SE8 4PN,Venture Hostels Ltd,open,537095,176806,51.473624,-0.027434,Lewisham,
311023,Signal Forest Hill,"The Signal, 7 Devonshire Road, London",SE23 3HE,Stonegate,open,622675,-5527598,51.43968837,-0.053980192,Lewisham,
311034,Skehans Freehouse,"1 Kitto Road, London",SE14 5TW,Independent,open,535642,176103,51.467648,-0.048608,Lewisham,
311150,Suttons Radio,"The Market Tavern, 139-141 Lewisham High Street, Hither Green, London",SE13 6AA,Antic,closed,538320,175423,51.460889,-0.010349,Lewisham,
311224,The  Alfred,"178 Sydenham Road, London",SE26 5RP,Town Centre Inns,open,536163,171465,51.425835,-0.042895,Lewisham,
311227,The Anchor,"Anchor, 165 Lewisham Road, Ladywell, London",SE13 7PY,Independent,open,538280,175955,51.46568,-0.010712,Lewisham,
311234,The Bell Flex,"The Bell, 59 Bell Green, London",SE26 5SJ,Independent,open,536574,171810,51.428836,-0.036854,Lewisham,
311235,The Birds Nest,"32 Deptford Church Street, London",SE8 4RZ,Independent,open,537374,176949,51.474842,-0.023374,Lewisham,
311240,The Bricklayers Arms,"Bricklayers Arms, 189 Dartmouth Road, London",SE26 4QY,Independent,open,534958,172157,51.432351,-0.059952,Lewisham,
311243,The Brockley Barge,"184 Brockley Road, Crofton Park, London",SE4 2RR,JD Wetherspoons,open,536493,175727,51.464073,-0.036508,Lewisham,
311248,The Catford Bridge Tavern,"Catford Bridge Tavern Station Approach, Catford Road, London",SE6 4RE,Portobello Brewery,open,537387,173593,51.444671,-0.02448,Lewisham,
311249,The Chandos,"56 Brockley Rise, Crofton Park, London",SE23 1LN,Highpress,open,536216,173896,51.447677,-0.041203,Lewisham,
311260,The Crown,"Flat At The Crown, 117 Burnt Ash Hill, London",SE12 0AJ,Young's,open,540326,173564,51.443691,0.017771,Lewisham,"Young's freehold, leasehold unknown"
311261,The Crown (Blackheath),"The Crown, 49 Tranquil Vale, Blackheath, London",SE3 0BS,Shepherd Neame,open,539521,176092,51.466606,0.007196,Lewisham,
311262,The Dacre Arm's,"Dacre Arms, 11 Kingswood Place, London",SE13 5BU,Independent,open,539273,175454,51.460943,0.003373,Lewisham,
311265,The Dog & Bell,"Dog And Bell, 116 Prince Street, London",SE8 3JD,Independent,open,537175,177887,51.483301,-0.025874,Lewisham,
311266,The Dolphin,"121 Sydenham Road, London",SE26 5HB,Inn Public Ltd,open,535837,171459,51.425868,-0.047583,Lewisham,
311268,The Downham Tavern,"Downham Tavern, Downham Way, Bromley",BR1 5HS,777 Leisure Ltd,closed,540049,171788,51.427801,0.013091,Lewisham,
311273,The Fellowship Inn,"Fellowship Inn, Randlesdown Road, Bellingham, London",SE6 3BT,Homegrown Pubs & Bars,open,537718,172271,51.432713,-0.020234,Lewisham,
311278,The Fox & Firkin,"Flat Fox And Firkin, 316 Lewisham High Street, Hither Green, London",SE13 6JZ,Whelans,open,538050,174980,51.456983,-0.014405,Lewisham,
311282,The Genaral Napier-W G Moore Tavwens,"The Genaral Napier, 73 Bovill Road, Crofton Park, London",SE23 1EX,Independent,open,535990,173645,51.445475,-0.04455,Lewisham,
311284,The Golden Lion PH Ltd,"116 Sydenham Road, London",SE26 5JX,Stonegate,open,535776,171424,51.425569,-0.048473,Lewisham,
311288,The Greyhound,"313-315 Kirkdale, London",SE26 4QB,Unknown,open,535285,171586,51.427141,-0.055474,Lewisham,
311298,The Honor Oak,"1 St Germans Road, London",SE23 1RH,Laine Pub Company,open,536206,173418,51.443384,-0.041526,Lewisham,
311310,The Ladywell Tavern,"Ladywell Tavern, 80 Ladywell Road, Ladywell, London",SE13 7HS,Punch Pubs & Co,open,537564,174892,51.456301,-0.021425,Lewisham,
311316,The London & Rye,"London & Rye, 109 Rushey Green, London",SE6 4AF,Independent,open,537830,173860,51.446963,-0.018006,Lewisham,
311318,The Lord Northbrook,"Flat At The Lord Northbrook, 116 Burnt Ash Road, London",SE12 8PU,Fuller Smith & Turner,open,539912,174356,51.45091,0.012145,Lewisham,
311325,The Old Tigers Head,"Ye Old Tigers Head, 351 Lee High Road, London",SE12 8RU,Independent,open,539684,175073,51.45741,0.009139,Lewisham,
311341,The Railway,"16 Blackheath Village, Blackheath, London",SE3 9LE,Mitchells & Butlers,open,539630,175959,51.465393,0.008707,Lewisham,
311346,The Rose Inn,"272 New Cross Road, London",SE14 5UL,Urban Pubs & Bars,open,536046,176896,51.474676,-0.042489,Lewisham,
311348,The Royal George,"85 Tanners Hill, London",SE8 4QD,Samuel Smith,open,536994,176590,51.471699,-0.028967,Lewisham,
311351,The Summerfield Pub,"60 Baring Road, London",SE12 0PS,Independent,open,540115,173504,51.443195,0.014717,Lewisham,
311357,The Talbot,"2 Tyrwhitt Road, London",SE4 1QG,Little & Large Pub Company,open,537368,176105,51.467249,-0.023779,Lewisham,
311364,The Victoria,"177 Grove Street, London",SE8 3QQ,Lendlease,closed,536564,178382,51.487897,-0.034467,Lewisham,
311369,The Watch House,"198-204 Lewisham High Street, Hither Green, London",SE13 6JP,JD Wetherspoons,open,538201,175303,51.45984,-0.012103,Lewisham,