id,name,address,postcode,a,b,lat,long,city,notes,website,History
80626,Warbank Social Club,"Warbank Crescent, Croydon",CR0 0AY,539246,162091,51.34086,-0.002251,Croydon,Social club,,
141784,1885 Lounge,"20 High Street, South Norwood, London",SE25 6EZ,533987,168451,51.399269,-0.075312,Croydon,Cocktail bar,,
141834,Addington Palace,"Gravel Hill, Croydon",CR0 5BB,536281,163617,51.355289,-0.044208,Croydon,wedding venue,,
141882,Alma Tavern,"The Alma Tavern, 129 Lower Addiscombe Road, Croydon",CR0 6PU,533582,166249,51.379585,-0.081972,Croydon,pub,http://www.thealmatavern.co.uk/,
141931,Art And Craft CR0 1RJ,"46 Surrey Street, Croydon",CR0 1RJ,532269,165479,51.372971,-0.101099,Croydon,pub,https://www.artandcraft.london/,
142040,Bishops Wine Bar,"1129 Whitgift Centre, Croydon",CR0 1UZ,532311,165757,51.375462,-0.100393,Croydon,wine bar,,permanently closed
142075,Boxpark Bar Beatbox,"Unit 22 - 26, Boxpark Croydon, 99 George Street, Croydon",CR0 1LD,532680,165675,51.374638,-0.095125,Croydon,bar,https://www.boxpark.co.uk/croydon/food-and-drink/bar/,
142205,Cava-Ri,"1136 - 1138 London Road, Norbury, London",SW16 4DS,530956,168796,51.403076,-0.11873,Croydon,restaurant,,
142296,Claret & Ale,"5 Bingham Corner, Lower Addiscombe Road, Croydon",CR0 7AA,534171,166305,51.379948,-0.073493,Croydon,pub,https://camra.org.uk/pubs/claret-ale-addiscombe-141487,
142308,Cocktail Embassy,"76 Westow Hill, Upper Norwood, London",SE19 1SB,533651,170706,51.419621,-0.079304,Croydon,Cocktail bar,,
142383,Coulsdon Victoria Social Club,"The Victoria Club, 11 Victoria Road, Coulsdon",CR5 2NN,529916,159645,51.321083,-0.137012,Croydon,Social club,,
142385,CR1,"25-29 South End, Croydon",CR0 1BE,532448,164808,51.366901,-0.098779,Croydon,Cocktail bar,,
142396,Crown and Pepper,"242 High Street, Croydon",CR0 1NF,532364,165045,51.369048,-0.099902,Croydon,pub,http://www.crownandpepper.co.uk/croydon.php,
142397,Crown And Sceptre,"Crown And Sceptre Public House, 32 Junction Road, South Croydon",CR2 6RB,532636,163990,51.359512,-0.096384,Croydon,pub,http://www.crownandsceptresouthcroydon.co.uk/,
142500,Dice Bar & Club,"36 High Street, Croydon",CR0 1YB,532303,165430,51.372532,-0.100629,Croydon,bar,,
142509,Dog And Bull,"24-25 Surrey Street, Croydon",CR0 1RG,532234,165465,51.372864,-0.101607,Croydon,pub,https://www.thedog.pub/,
142618,Fanbox,"Unit 58 - 61, Boxpark Croydon, 99 George Street, Croydon",CR0 1LD,532680,165675,51.374638,-0.095125,Croydon,Kid's play,,
142704,Frames Sports Bar,"202 Brighton Road, Coulsdon",CR5 2NF,529747,159474,51.319576,-0.139513,Croydon,Bar,,permanently closed
142760,Golden Beer Ark Micropub,"186 Addington Road, South Croydon",CR2 8LB,535117,162323,51.343939,-0.06141,Croydon,pub,http://www.thegoldenark.co.uk/,
142787,Green Dragon/Cluck&Run/Non Nyam/Seoul Chicken/Flip The Bird,"The Green Dragon Public House, 60 High Street, Croydon",CR0 1NA,532291,165331,51.371644,-0.100829,Croydon,pub,http://www.socialpubandkitchen.co.uk/green-dragon-croydon?utm_source=gmb&utm_medium=organic&utm_campaign=homepage,
143017,Jus Jam Club,"3-7 Park Street, Croydon",CR0 1YD,532492,165561,51.373665,-0.097866,Croydon,club,,permanently closed
143273,"Market Tavern, 88th, VM, SC, KT, CB, LL","Market Tavern, 1 - 4 Surrey Street, Croydon",CR0 1RG,532296,165359,51.37189,-0.100745,Croydon,pub,https://www.greatukpubs.co.uk/market-tavern-croydon?utm_source=gmb&utm_medium=organic&utm_campaign=homepage,permanently closed
143321,MemoryBox,"80 - 88 High Street, Croydon",CR0 1NA,532305,165281,51.371185,-0.100656,Croydon,Cocktail bar,https://www.memoryboxcroydon.co.uk/,
143407,Mr Fox,"34 Surrey Street, Croydon",CR0 1RJ,532269,165479,51.372971,-0.101099,Croydon,Cocktail bar,,permanently closed
143428,Mynd Spirit,"Addiscombe Cricket Club, The Sandilands Club, Sandilands, Croydon",CR0 5DB,534096,165177,51.369828,-0.074985,Croydon,sport club,http://www.sandilandshall.com/,
143629,Pawsons Arms,"The Pawsons Arms, 69 Pawsons Road, Croydon",CR0 2QA,532562,167726,51.393085,-0.096055,Croydon,pub,https://camra.org.uk/pubs/pawsons-arms-croydon-141546,
143713,Porter & Sorter,"The Porter And Sorter Public House, Billinton Hill, Croydon",CR0 6BT,532902,165832,51.375996,-0.091879,Croydon,pub,https://www.porterandsorterpub.co.uk/,
143782,Railway Telegraph,"19 Brigstock Road, Thornton Heath",CR7 7JJ,532163,168241,51.397808,-0.101595,Croydon,pub,http://www.therailwaytelegraph.com/,
143822,Riff Raffs,"28 George Street, Croydon",CR0 1PB,532419,165558,51.373645,-0.098907,Croydon,Cocktail bar,,
143857,Royal Albert,"The Royal Albert Public House, 42 Westow Hill, Upper Norwood, London",SE19 1RX,533501,170706,51.419647,-0.081446,Croydon,pub,https://camra.org.uk/pubs/royal-albert-upper-norwood-141485,
144246,The Albert Tavern,"The Albert, 65 Harrington Road, South Norwood, London",SE25 4LX,534597,168269,51.397487,-0.066622,Croydon,pub,https://www.alberttavernsouthnorwood.co.uk/,
144247,The Albion,"26 High Street, South Norwood, London",SE25 6HA,534061,168533,51.399986,-0.074218,Croydon,pub,http://www.albionpub.com/,
144249,The Apple Tree,"The Apple Tree Public House, 1 - 3 Broom Road, Croydon",CR0 8NG,537179,165253,51.369785,-0.030693,Croydon,pub,https://www.facebook.com/theappletreeshirley/,
144254,The Bedford Tavern,"16 Sydenham Road, Croydon",CR0 2EF,532675,166132,51.378753,-0.095031,Croydon,pub,http://whelanspubs.co.uk/whelans-premium/the-bedford-tavern/,
144263,The Builders Arms,"Builders Arms, 65 Leslie Park Road, Croydon",CR0 6TP,533301,166233,51.379515,-0.086004,Croydon,pub,https://www.buildersarmscroydon.co.uk/,
144264,The Bulls Head,"Laud Street, Croydon",CR0 1SX,532284,165111,51.369659,-0.101021,Croydon,pub,https://www.facebook.com/bullshead.croydon,
144272,The Cherry Tree,"32 Station Road, South Norwood, London",SE25 5AG,533974,168239,51.397366,-0.075579,Croydon,pub,https://camra.org.uk/pubs/cherry-tree-south-norwood-141470,
144277,The Clifton Arms,"21 Clifton Road, South Norwood, London",SE25 6NJ,533251,168092,51.396225,-0.08602,Croydon,pub,https://camra.org.uk/pubs/clifton-arms-south-norwood-141407,
144287,The Conquering Hero,"262 Beulah Hill, Upper Norwood, London",SE19 3HF,531772,170671,51.419736,-0.106315,Croydon,pub,https://camra.org.uk/pubs/conquering-hero-upper-norwood-141524,
144295,The Cricketers,"107 Addiscombe Road, Croydon",CR0 6SG,533465,165763,51.375252,-0.08382,Croydon,pub,https://camra.org.uk/pubs/cricketers-croydon-141501,
144296,The Croham Arms,"Croham Arms, Croham Road, South Croydon",CR2 7PB,532725,164307,51.362331,-0.094989,Croydon,pub,https://camra.org.uk/pubs/croham-arms-south-croydon-141580,
144297,The Cronx Tap,"71 High Street, Croydon",CR0 1QE,532349,165308,51.371415,-0.100005,Croydon,pub,,permanently closed
144298,The Crown Inn,"28 Wickham Road, Croydon",CR0 8BA,535543,165639,51.373637,-0.054034,Croydon,pub,https://www.emberinns.co.uk/nationalsearch/southeast/the-crown-shirley?utm_source=google&utm_medium=organic&utm_campaign=gmb-homepage,
144312,The Fox Public House,"Fox Lane, Caterham",CR3 5QS,531948,156902,51.295967,-0.108883,Croydon,pub,https://www.vintageinn.co.uk/restaurants/south-east/thefoxcoulsdoncommon?utm_source=google&utm_medium=organic&utm_campaign=gmb-homepage,
144313,The Foxley Hatch,"Russell Hill Parade, Russell Hill Road, Purley",CR8 2LE,531212,161703,51.339283,-0.117668,Croydon,pub,https://www.jdwetherspoon.com/pub-histories/the-foxley-hatch-purley/,spoons
144317,The George,"The George Public House, George Street, Croydon",CR0 1LA,532439,165614,51.374146,-0.098608,Croydon,pub,https://www.jdwetherspoon.com/pubs/all-pubs/england/london/the-george-croydon?utm_source=google&utm_medium=maps&utm_campaign=gmb,spoons
144320,The Golden Lion,"144 Stanley Road, Croydon",CR0 3QB,531173,166980,51.386715,-0.116282,Croydon,pub,https://www.facebook.com/thegoldenlioncroydon,
144322,The Granaries,"Overton's Yard, Croydon",CR0 1SL,532215,165468,51.372894,-0.101878,Croydon,pub,,permanently closed
144330,The Hare And Hounds,"325 Purley Way, Croydon",CR0 4NU,531168,165294,51.371572,-0.116981,Croydon,pub,,permanently closed
144335,The Joiners Arms,"50-52 Woodside Green, South Norwood, London",SE25 5EU,534356,167077,51.386852,-0.07053,Croydon,pub,https://camra.org.uk/pubs/joiners-arms-south-norwood-141488,
144336,The Jolly Farmer,"Jolly Farmers, 7 Purley Road, Purley",CR8 2HA,531314,161570,51.338062,-0.116253,Croydon,pub,http://www.jollyfarmers-purley.co.uk/,
144337,The Jolly Sailor,"64 High Street, South Norwood, London",SE25 6EB,533997,168422,51.399014,-0.075179,Croydon,pub,http://www.thejollysailorsouthnorwood.co.uk/,
144339,The Kingsmen,"The Kingsmen Public House, Featherbed Lane, Croydon",CR0 9AS,622675,-5527598,,,Croydon,pub,https://www.kingsmen.pub/,
144356,The Moon Under Water,"1327 London Road, Norbury, London",SW16 4AU,530747,169237,51.407085,-0.121571,Croydon,pub,https://www.jdwetherspoon.com/pubs/all-pubs/england/london/the-moon-under-water-norbury,spoons
144368,The Oval Tavern,"131 Oval Road, Croydon",CR0 6BR,533129,166075,51.378128,-0.088542,Croydon,pub,http://www.theovaltavern.co.uk/,
144371,The Pear Tree Purley,"908 Brighton Road, Purley",CR8 2LN,531349,161739,51.339565,-0.115689,Croydon,pub,https://www.craftunionpubs.com/pear-tree-purley?utm_source=gmb&utm_medium=organic&utm_campaign=homepage,
144372,"The Pembroke, 88th Street, Value Mighty, Sin City Burger","12-16 Chipstead Valley Road, Coulsdon",CR5 2RA,529762,159616,51.320858,-0.139232,Croydon,pub,https://www.greatlocalpubs.co.uk/pembroke-coulsdon?utm_source=gmb&utm_medium=organic&utm_campaign=homepage,
144377,The Portland Arms,"152 Portland Road, South Norwood, London",SE25 4PT,534547,167907,51.394246,-0.067478,Croydon,pub,https://portlandarmspub.co.uk/,
144379,The Prince George,"2-4 High Street, Thornton Heath",CR7 8LE,532752,168263,51.397868,-0.09313,Croydon,pub,https://camra.org.uk/pubs/prince-george-thornton-heath-141413,
144380,The Purley Arms,"345 Brighton Road, South Croydon",CR2 6ER,532487,163069,51.351261,-0.098866,Croydon,pub,http://www.purleyarms.co.uk/,
144383,The Randall Tavern,"Randalls, Wayside, Field Way, Croydon",CR0 9DX,537903,163717,51.355797,-0.02089,Croydon,pub,https://camra.org.uk/pubs/randall-tavern-croydon-141401,
144386,The Royal Standard,"The Royal Standard Public House, 1 Sheldon Street, Croydon",CR0 1SS,532215,165124,51.369804,-0.102006,Croydon,pub,https://www.theroyalstandardpub.com/,
144393,The Sir Julian Huxley,"152 - 154 Addington Road, South Croydon",CR2 8LB,535082,162291,51.343662,-0.061934,Croydon,pub,https://www.jdwetherspoon.com/pubs/the-sir-julian-huxley-selsdon/,spoons
144395,The Sparrowhawk,"2 Westow Hill, Upper Norwood, London",SE19 1RX,533501,170706,51.419647,-0.081446,Croydon,pub,http://sparrowhawkcp.com/,
144401,The Surrey Cricketers,"23 West Street, Croydon",CR0 1DJ,532316,164948,51.368187,-0.100622,Croydon,pub,http://www.thesurreycricketers.com/,
144409,The Tudor Rose,"The Tudor Rose Public House, 270 Coulsdon Road, Coulsdon",CR5 1EB,531163,158029,51.306274,-0.119726,Croydon,pub,https://www.tudorrosecoulsdon.co.uk/?utm_source=google&utm_medium=organic&utm_campaign=gmb-homepage,
144411,The Two Brewers P.H.,"The Two Brewers, 221 Gloucester Road, Croydon",CR0 2DW,533007,167179,51.388069,-0.089867,Croydon,pub,https://www.yourlocalguardian.co.uk/news/24887746.two-brewers-pub-croydon-closes-doors-permanently/,permanently closed
144415,The Village Club,"151 Addington Road, South Croydon",CR2 8LH,535130,162387,51.344511,-0.061199,Croydon,pub,http://www.selsdonvillageclub.co.uk/,
144417,The White Hart,"96 Church Road, Upper Norwood, London",SE19 2EZ,533513,170437,51.417226,-0.08138,Croydon,pub,https://www.thewhitehartse19.co.uk/?utm_source=google&utm_medium=organic&utm_campaign=gmb-homepage,
144469,Trickle,"26 Dingwall Road, Croydon",CR0 9XF,532626,165903,51.376698,-0.095806,Croydon,bar,https://www.tricklelondon.co.uk/,
144476,Trude Rotisserie,"The Alliance, 91 High Street, South Norwood, London",SE25 6EA,533947,168363,51.398495,-0.075934,Croydon,Cocktail bar,,
144546,Wattenden Arms,"Old Lodge Lane, Kenley",CR8 5EU,532360,158228,51.307785,-0.102491,Croydon,pub,https://www.wattendenarms.co.uk/,
144569,Whelans,"13-15 Selsdon Road, South Croydon",CR2 6PW,532603,164352,51.362766,-0.096724,Croydon,pub,http://whelanspubs.co.uk/whelans-croydon,
144571,Whispers Bar,"5 High Street, Purley",CR8 2AF,531353,161621,51.338512,-0.115675,Croydon,bar,https://whispersbar.com/,
421159,Netherne Community Amateur Sports Club,"Woodplace Lane, Hooley, Surrey",CR5 1NB,529495,157775,51.304374,-0.143729,Croydon,sport club,,