19173,Adam And Eve,Adam And Eve  The Ridgeway London,NW7 1RL,523455,192329,51.616258,-0.218277,Barnet
19186,Ahir Lorenzo's Bar Restaurant,298 Nether Street London,N3 1RJ,525064,190865,51.602747,-0.195571,Barnet
19197,Albanian Association,Albanian Association  Summers Lane London,N12 0PD,526634,191269,51.606027,-0.172783,Barnet
19234,Annie's Freehouse,168 Ballards Lane London,N3 2PA,525627,191187,51.605516,-0.187332,Barnet
19314,Bald Faced Stag,Bald Faced Stag 69 High Road London,N2 8AB,527237,189406,51.589149,-0.164741,Barnet
19330,Barnet Elizabethans Rugby Football Club,Barnet Rugby Football Club  Byng Road Barnet,EN5 4NS,523685,196944,51.657684,-0.213328,Barnet
19340,Barnet Table Tennis Club,Barnet Table Tennis Centre  Barnet Lane Barnet,EN5 2DN,525124,195663,51.645851,-0.192993,Barnet
19400,Blarneys Free House,128 Burnt Oak Broadway Edgware,HA8 0BB,520074,190574,51.601217,-0.267686,Barnet
19417,Bodens,99 East Barnet Road Barnet,EN4 8RF,526819,195976,51.648277,-0.168396,Barnet
19463,Brondesbury Cricket Tennis Bowls & Squash Club,Brondesbury Cricket Tennis And Squash Club 5 Harman Drive London,NW2 2EB,524400,185936,51.558588,-0.206898,Barnet
19477,Builders Arms,Builders Arms 3 Albert Road Barnet,EN4 9SH,526472,196257,51.650889,-0.173307,Barnet
19533,Calderbank Catering At The Greyhound Pub,The Greyhound 50 Church End London,NW4 4JT,522912,189526,51.591187,-0.227097,Barnet
19534,Camden Playing Fields Sports And Social Club,Old Camdenians Football Club  Burtonhole Lane London,NW7 1AS,523547,192816,51.620624,-0.216777,Barnet
19580,CHARTWELLS - MDX. BUILDING BAR,Middlesex University  The Burroughs London,NW4 4BT,522822,189361,51.589723,-0.228453,Barnet
19708,Cricklewood Trades Hall Club And Institute,134 Cricklewood Lane London,NW2 2DP,524240,186075,51.559882,-0.209156,Barnet
19733,David Lloyd Club,David Lloyd Leisure Centre  Leisure Way London,N12 0QZ,526518,191247,51.605864,-0.17445,Barnet
19804,East Barnet Valley United Services Club,23 East Barnet Road Barnet,EN4 8RN,526630,196142,51.64982,-0.171066,Barnet
19808,East Finchley Constitutional Club,East Finchley Constitutional Club  The Walks London,N2 8DE,526933,189788,51.592651,-0.168988,Barnet
19838,Elephant Inn,Elephant Inn 283 Ballards Lane London,N12 8NR,526128,191854,51.611398,-0.179861,Barnet
19899,Finchley Bowling Club,Finchley Bowling Club  Etchingham Park Road London,N3 2DT,525935,191281,51.606292,-0.182852,Barnet
19907,Finchley Golf Club,Nether Court  Frith Lane London,NW7 1PU,524591,191645,51.609861,-0.20212,Barnet
19909,Finchley Lawn Tennis Club,Finchley Lawn Tennis Club  Brent Way London,N3 1AJ,525024,191567,51.609074,-0.195898,Barnet
19910,"Finchley Manor Lawn Tennis, Squash And Health Club",Finchley Manor Lawn Tennis And Squash Rackets Club  Lyndhurst Gardens London,N3 1TD,524474,190734,51.6017,-0.204132,Barnet
19916,Finchley Rugby Club,Finchley Rugby Football Club  Summers Lane London,N12 0PD,526637,191257,51.605923,-0.172735,Barnet
19918,Finchley United Services Club,307 Ballards Lane London,N12 8LY,526259,192023,51.612887,-0.177923,Barnet
19923,Fitness Pod At Middlesex University,Middlesex University  The Burroughs London,NW4 4BT,522822,189361,51.589723,-0.228453,Barnet
19953,Friary Park Bowling Club,Friary Park  Friary Road London,N20 0NR,527353,192773,51.619381,-0.161845,Barnet
19988,Gertie Brownes,95 High Road London,N2 8AG,527219,189583,51.590744,-0.164936,Barnet
20063,Hadley Football Club,Hadley Football Club  Brickfield Lane Barnet,EN5 3LD,521595,195154,51.64205,-0.244154,Barnet
20074,Hampstead Golf Club,82 Winnington Road London,N2 0TU,526626,187491,51.572068,-0.174246,Barnet
20109,Hendon Golf Club,Hendon Golf Club  Ashley Walk London,NW7 1DG,523348,191298,51.607016,-0.220184,Barnet
20116,Hendon Rifle Club,Hendon Rifle Club  Cool Oak Lane London,NW9 7NB,521356,187461,51.572956,-0.250275,Barnet
20117,Hendon Rugby Football Club,Hendon Rugby Football Club  Greenlands Lane London,NW4 1RL,522925,190937,51.603873,-0.226415,Barnet
20119,Hendon Sea Training Corps,Hendon Sea Cadet Hall  Cool Oak Lane London,NW9 7ND,521646,187598,51.574134,-0.24603,Barnet
20309,Kings Head,The Kings Head 84 High Street Barnet,EN5 5SN,524557,196497,51.653473,-0.200887,Barnet
20349,Laboratory Spa & Health Club,1 Hall Lane London,NW4 4TJ,522289,190488,51.599968,-0.23575,Barnet
20423,Lord Kitchener,Lord Kitchener 49 East Barnet Road Barnet,EN4 8RN,526630,196142,51.64982,-0.171066,Barnet
20426,Lounge 4:04,26 Cricklewood Lane London,NW2 1HB,523908,185784,51.557339,-0.214045,Barnet
20428,Lucky 7 - Wine Bar,7 Cricklewood Lane London,NW2 1ET,523843,185784,51.557345,-0.214982,Barnet
20435,Maccabi London,Rowley Lane Sports Ground  Rowley Lane Barnet,EN5 3HW,521494,196521,51.654358,-0.245132,Barnet
20437,Maddens Bar,130 High Road London,N2 9ED,527258,189596,51.590852,-0.164383,Barnet
20449,Malt And Hops,Malt And Hops 891 High Road London,N12 8QA,526272,192676,51.618762,-0.177486,Barnet
20526,Merkur Slots,48 Ballards Lane London,N3 2BJ,525315,190822,51.602314,-0.191966,Barnet
20549,Mill Hill Golf Club,Mill Hill Golf Club 100 Barnet Way London,NW7 3AL,521007,193656,51.628706,-0.253159,Barnet
20553,Mill Hill Rugby Club,Mill Hill Rugby Football Club  Champions Way London,NW7 2EQ,522526,191036,51.604841,-0.232139,Barnet
20555,Mill Hill Services Club,Mill Hill Services Club Ltd 11 Hartley Avenue London,NW7 2HX,521714,192158,51.615101,-0.243484,Barnet
20558,Mill Hill Village Sports Club,The Mill Hill Cricket Club  Burtonhole Lane London,NW7 1AS,523547,192816,51.620624,-0.216777,Barnet
20700,Oak Hill Bowls Club,Oak Hill Park  Parkside Gardens Barnet,EN4 8JS,528204,194649,51.636047,-0.148874,Barnet
20706,Oakleigh Lawn Tennis & Squash Club,100 Oakleigh Road North London,N20 9EZ,526818,193905,51.629675,-0.16916,Barnet
20708,Oakleigh Park School Of Swimming,100 Oakleigh Road North London,N20 9EZ,526818,193905,51.629675,-0.16916,Barnet
20731,Old Elizabethans Social Club,Old Elizabethans (Barnet) Memorial Playing Field  Mays Lane Barnet,EN5 2AG,522678,194779,51.638437,-0.228636,Barnet
20745,Orange Tree Public House,Orange Tree 7 Totteridge Village London,N20 8NX,524930,193895,51.630007,-0.196426,Barnet
20752,Osidge Arms,Osidge Arms  Hampden Square London,N14 5JP,528662,194228,51.632159,-0.142414,Barnet
20871,Poolside Manor Ltd,Poolside Manor  Lyndhurst Gardens London,N3 1TD,524586,190733,51.601667,-0.202524,Barnet
20884,Powerleague Fives Limited,Powerleague Soccer Centre 31 Pursley Road London,NW7 2BB,522890,191345,51.607539,-0.226777,Barnet
20900,Pure Gym,18 East Barnet Road Barnet,EN4 8RW,526517,196142,51.64984,-0.172704,Barnet
20908,Queens Arms,Queens Arms  Great North Road Barnet,EN5 1AB,525464,195762,51.646658,-0.188061,Barnet
20920,Railway Tavern,Railway Tavern 3 East Barnet Road Barnet,EN4 8RR,526395,196178,51.650187,-0.174448,Barnet
20921,Rainbow Centre,The Rainbow Young Peoples Activity Centre  Dollis Valley Drive Barnet,EN5 2UN,524981,195492,51.644338,-0.19512,Barnet
20935,Red Lion,Toby Carvery 31 High Street Barnet,EN5 5UW,524632,196424,51.6528,-0.199829,Barnet
21036,Sebright Arms,Sebright Arms 9 Alston Road Barnet,EN5 4ET,524086,196779,51.656111,-0.207592,Barnet
21123,South Herts Golf Club,South Herts Golf Club  Links Drive London,N20 8QU,525512,194174,51.632376,-0.187922,Barnet
21124,Southover Pre School,Old Finchleians Club 12 Southover London,N12 7JE,525371,192704,51.619205,-0.190484,Barnet
21161,St Peter's Social Club,63 Somerset Road Barnet,EN5 1RF,526217,195953,51.648205,-0.1771,Barnet
21250,Tally Ho,749 High Road London,N12 0BP,526359,192121,51.613746,-0.17643,Barnet
21312,The Arena Club,17 Central Circus London,NW4 3AS,522958,188632,51.583142,-0.226746,Barnet
21313,The Arkley,The Arkley Public House 2 Barnet Road Barnet,EN5 3EP,523198,196318,51.652155,-0.220585,Barnet
21318,The Barrington,Greenhill Parade  Great North Road Barnet,EN5 1EU,525590,195701,51.64609,-0.186262,Barnet
21320,The Beaufort,2 Heritage Avenue London,NW9 5AA,521806,190094,51.596531,-0.242857,Barnet
21323,The Black Horse,The Black Horse 92 Wood Street Barnet,EN5 4BW,524282,196473,51.653318,-0.204868,Barnet
21325,The Bodhran PH,3 Vivian Avenue London,NW4 3UT,522857,188556,51.582481,-0.228229,Barnet
21326,The Bohemia,762 High Road London,N12 9QH,526360,192309,51.615435,-0.176348,Barnet
21329,The Bridge Tavern,9 The Broadway London,NW7 3LN,521337,192053,51.614238,-0.248948,Barnet
21332,The Butchers Arms,148 High Street Barnet,EN5 5XP,524510,196748,51.655739,-0.201477,Barnet
21338,The Cavalier,67 Russell Lane London,N20 0BB,527593,193929,51.629715,-0.15796,Barnet
21339,The Chandos Arms,31 Colindale Avenue London,NW9 5DS,520943,189709,51.593261,-0.255446,Barnet
21342,The Claddagh Ring,The Claddagh Ring 10 Church Road London,NW4 4EA,522982,189415,51.590174,-0.226126,Barnet
21344,The Cock Inn,The Cock And Dragon  Chalk Lane Enfield,EN4 9HU,527760,196693,51.654507,-0.154541,Barnet
21367,The Finchley Tavern,686 High Road London,N12 9PT,526424,192019,51.612816,-0.175544,Barnet
21369,The Five Bells,Five Bells 165 East End Road London,N2 0LZ,526738,189520,51.590286,-0.171898,Barnet
21374,The Furlong,87 Colney Hatch Lane London,N10 1LR,528396,190586,51.599491,-0.147591,Barnet
21375,The Gate Public House,The Gate 195 Barnet Road Barnet,EN5 3LA,521713,195155,51.642026,-0.242443,Barnet
21378,The Gower Club,University College School Sports Ground  Ranulf Road London,NW2 2BS,524812,185915,51.558309,-0.200966,Barnet
21384,The Greyhound,The Greyhound 50 Church End London,NW4 4JT,522912,189526,51.591187,-0.227097,Barnet
21385,The Griffin,The Griffin 1262 High Road London,N20 9HH,526436,193980,51.630444,-0.174648,Barnet
21398,The Joiners/Chick Box/K Town/Locked & Loaded/Pizza Amore,Joiners Arms 51 Ballards Lane London,N3 1XP,525356,190939,51.603347,-0.191331,Barnet
21399,The Jolly Badger,128 Hale Lane Edgware,HA8 9RZ,520492,192369,51.617259,-0.261037,Barnet
21403,The King Of Prussia,363 Regents Park Road London,N3 1DH,525126,190659,51.600882,-0.19475,Barnet
21404,The Kitch At The Cav,67 Russell Lane,N20 0BB,527596,193933,51.629746,-0.157923,Barnet
21410,The Lord Nelson,14 West End Lane Barnet,EN5 2SA,523874,196357,51.652357,-0.210804,Barnet
21413,The Moon Under  Water,Varley Parade  The Hyde London,NW9 6RR,521273,189061,51.587362,-0.250905,Barnet
21418,The Old White Lion,Old White Lion 121 Great North Road London,N2 0NW,527241,189205,51.587342,-0.164756,Barnet
21433,The Railway,Railway Tavern 129 Hale Lane London,NW7 3SB,520641,192276,51.616401,-0.258918,Barnet
21434,The Railway Bell,Railway Bell 13 East Barnet Road Barnet,EN4 8RR,622675,-5527598,,,Barnet
21436,The Refectory,911 Finchley Road London,NW11 7PE,525089,187658,51.573921,-0.196353,Barnet
21437,The Rising Sun,137 Marsh Lane London,NW7 4EY,521794,193502,51.627163,-0.241848,Barnet
21444,The Spaniards Inn,The Spaniards Inn  Spaniards Road London,NW3 7JJ,526638,187232,51.569738,-0.174166,Barnet
21448,The Temple Fortune Club,122 Bridge Lane London,NW11 9JS,524377,189041,51.586514,-0.206133,Barnet
21449,The Three Wishes,The Three Wishes 122 High Street Edgware,HA8 7EL,519144,191776,51.612217,-0.280699,Barnet
21461,The Windsor Castle,Windsor Castle  The Walks London,N2 8DL,526778,189888,51.593584,-0.171189,Barnet
21463,The Woodhouse,230 Woodhouse Road London,N12 0RS,527308,191891,51.611474,-0.162815,Barnet
21471,Three Hammers Public House,Three Hammers  Hammers Lane London,NW7 4EA,522336,192822,51.620942,-0.234258,Barnet
21472,Three Horseshoes Whetstone,Three Horseshoes 1166 High Road London,N20 0RA,526426,193606,51.627076,-0.174928,Barnet
21492,Toolans,866 High Road London,N12 9RH,526346,192679,51.618772,-0.176431,Barnet
21499,Totteridge Millhillians Cricket Club,Totteridge Cricket Club  Totteridge Green London,N20 8PB,525092,193664,51.627895,-0.194169,Barnet
21500,Totteridge Tennis Club,Totteridge Tennis Club  Great Bushey Drive London,N20 8QL,525943,194228,51.632783,-0.181678,Barnet
21594,Waterfall Tennis Club,The Pavilion  Pymmes Green Road London,N11 1DD,528995,193231,51.623132,-0.137972,Barnet
21629,Wilf Slack Sports Club,19 East End Road London,N3 2SU,525359,190184,51.596561,-0.191557,Barnet
21645,Woodside Park Club,Woodside Park Club  Southover London,N12 7JG,525330,192778,51.61988,-0.191049,Barnet
21659,Ye Olde Mitre,Ye Olde Mitre Inne 58 High Street Barnet,EN5 5SJ,524650,196459,51.653111,-0.199557,Barnet
21660,Ye Olde Monken Holt,Ye Olde Monken Holt 193 High Street Barnet,EN5 5SU,524503,196978,51.657808,-0.201496,Barnet
