name,add,postcode,owner,lat,long,city,notes,website,history
Asparagus,"The Asparagus Public House, 1-13 Falcon Road, London",SW11 2PL,Portobello Pub Company,51.469896,-0.171322,Wandsworth,OWNED BY ZETLAND CAPITAL,https://www.zetlandcapital.com/insights/portobello-starboard/,
Balham Bowls Club,"Balham Club, 7-9 Ramsden Road, London",SW12 8QX,Urban Pubs and Bars,51.444881,-0.152445,Wandsworth,PREV. ANTIC hospitality group,"https://www.thecaterer.com/news/portfolio-of-antic-pubs-and-bars-enter-administration#:~:text=A%20collection%20of%2013%20London,being%20put%20up%20for%20sale",
Be At One,"30 Putney High Street, London",SW15 1SQ,Stonegate,51.465252,-0.214843,Wandsworth,,,
Be At One,"85 Battersea Rise, London",SW11 1HW,Stonegate,51.460662,-0.167401,Wandsworth,,,
Beehive PH,"197 St Johns Hill, London",SW11 1TH,Lee and Keris De Villiers,51.459825,-0.178225,Wandsworth,,,
Boom Battle Bar (Primary Licence),"89&11 Barley Walk, London",SW18 1UL,Boom Battle Bar,51.458002,-0.19362,Wandsworth,Axe-throwing bar,,
Brewers Inn,Brewers Inn,SW18 2QB,Young & Co,51.456715,-0.189366,Wandsworth,,,
Bricklayer's Arms,"32 Waterman Street, London",SW15 1DD,Independent,51.466054,-0.216755,Wandsworth,,,
Churchill's,Churchill's,SW11 1TQ,Woolwich Tavern Co,51.460165,-0.177045,Wandsworth,,,
Country House,"4 Groton Road, London",SW18 4EP,Independent,51.442038,-0.188984,Wandsworth,,,
County Arms Public House,"345 Trinity Road, Wandsworth, London",SW18 3SH,Young & Co,51.450094,-0.174243,Wandsworth,,,
Duchess Belle,"101 Battersea Park Road, London",SW8 4DS,Belle Pubs and Restaurants,51.479163,-0.142465,Wandsworth,,,
Duke Of Cambridge,"228 Battersea Bridge Road, London",SW11 3AA,Young & Co,51.472856,-0.166236,Wandsworth,,,
Dukes Head,"8 Lower Richmond Road, London",SW15 1JN,Young & Co,51.467292,-0.217124,Wandsworth,,,
Eagle Public House,"The Eagle, 104 Chatham Road, London",SW11 6HG,S.P.S Pubs Ltd,51.455027,-0.163619,Wandsworth,,,
Fox and Hounds,"66 Latchmere Road, London",SW11 2JU,Stonegate,51.46713,-0.16294,Wandsworth,,,
Graveney & Meadow,"Graveney And Meadow, 40 Mitcham Road, London",SW17 9NA,,51.426924,-0.166996,Wandsworth,,,
Grosvenor Arms,"204 Garratt Lane, London",SW18 4ED,Independent,51.447356,-0.189593,Wandsworth,,,
Hagen & Hyde,"157 Balham High Road, London",SW12 9AU,Urban Pubs and Bars,51.443829,-0.152029,Wandsworth,,,
Halfway House,"521 Garratt Lane, London",SW18 4SR,Young & Co,51.441699,-0.187263,Wandsworth,,,
Hawkins Forge,"110 Battersea Rise, London",SW11 1EJ,Castle (Mitchell & Butlers),51.460721,-0.16905,Wandsworth,,,
J J Moons,"56A Tooting High Street, London",SW17 0RN,Wetherspoons,51.427918,-0.168519,Wandsworth,,,
Junction,"The Junction Public House, 36 St Johns Hill, London",SW11 1SA,Greene King,51.463344,-0.169842,Wandsworth,,,
Kings Head Public House,"1 Roehampton High Street, London",SW15 4HL,Young & Co,51.450257,-0.240758,Wandsworth,,,
Masons Arms,"169 Battersea Park Road, London",SW8 4BT,Fullers,51.476778,-0.146868,Wandsworth,,,
Mayfair Tavern,"127-145 Upper Tooting Road, London",SW17 7TJ,Independent,51.432326,-0.163384,Wandsworth,,,
Old Fields,"20 Replingham Road, London",SW18 5LS,Greene King,51.444646,-0.205184,Wandsworth,,,
Paya & Horse,"181 Battersea Park Road, London",SW11 4LB,Independent,51.475812,-0.148894,Wandsworth,,,
Pig And Whistle,"479-481 Merton Road, London",SW18 5LD,Grumpy pub company,51.441071,-0.196705,Wandsworth,,,
Plough Public House,"89-91 St Johns Hill, London",SW11 1SY,Adventure Bar Group,51.461474,-0.173299,Wandsworth,,,
Prince of Wales,"138 Upper Richmond Road, London",SW15 2SP,Mosaic pub and dining,51.460146,-0.212624,Wandsworth,,,
Queen Adelaide,"35 Putney Bridge Road, London",SW18 1NP,Young & Co,51.459898,-0.199346,Wandsworth,,,
The Woodpecker,"42-44 Battersea High Street, London",SW11 3HX,Pulse Venues,51.473993,-0.173966,Wandsworth,New pub,,
Rose and Crown,"Rose And Crown, 140 Tooting Bec Road, London",SW17 8BH,Greene King,51.432809,-0.154051,Wandsworth,,,
Spotted Horse,"122 Putney High Street, London",SW15 1RG,Young & Co,51.46268,-0.216513,Wandsworth,,,
Tap 13 Tooting,"Unit E5 Broadway Market, 29 Tooting High Street, London",SW17 0RJ,,51.42835,-0.166533,Wandsworth,,,
The Alma Tavern,"The Alma, 499 Old York Road, London",SW18 1TF,Young & Co,51.460627,-0.187686,Wandsworth,,,
The Anchor,"61 Holgate Avenue, London",SW11 2AT,Stonegate,51.465262,-0.179253,Wandsworth,,,
The Angel,"The Angel Public House, 11 Roehampton High Street, London",SW15 4HL,Unity Social,51.45029,-0.240008,Wandsworth,,,
The Antelope,"The Antelope Public House, 76 Mitcham Road, London",SW17 9NG,Urban Pubs and Bars,51.426062,-0.165985,Wandsworth,,,
The Arab Boy,"289 Upper Richmond Road, London",SW15 6SP,Market Taverns,51.462781,-0.226681,Wandsworth,,,
The Bank,"31 Northcote Road, London",SW11 1NJ,Fullers,51.459759,-0.166474,Wandsworth,,,
The Bedford,"77 Bedford Hill, London",SW12 9HD,Three Cheers Pub Company (Stonegate partnership),51.442707,-0.149235,Wandsworth,,,
The Bolingbroke,"174 Northcote Road, London",SW11 6RE,Three Cheers Pub Company (Stonegate partnership),51.453857,-0.164132,Wandsworth,,,
The Castle,"38 Tooting High Street, London",SW17 0RG,Languard Investments,51.428646,-0.167876,Wandsworth,https://www.london.camra.org.uk/viewnode.php?id=8316,,
The Cats Back,"Public House The Cats Back, 86-88 Point Pleasant, London",SW18 1PP,Harvey's Brewery,51.461824,-0.199443,Wandsworth,,,
The Coat And Badge,"8 Lacy Road, London",SW15 1NL,Mitchell & Butlers,51.464496,-0.216629,Wandsworth,,,
The Corner Pin,"10 Summerstown, London",SW17 0AY,Independent,51.43319,-0.185937,Merton,,,
The Crown,"Public House The Crown Hotel, 102 Lavender Hill, London",SW11 5RD,Enterprise Inns (Stonegate),51.465723,-0.156005,Wandsworth,,,
The Devonshire,"39 Balham High Road, London",SW12 9AN,Young & Co,51.446875,-0.148884,Wandsworth,,,
The Earl Spencer,"260-262 Merton Road, London",SW18 5JL,Craft Union Pub Co (Stonegate0,51.448228,-0.199503,Wandsworth,,,
The East Hill,"21 Alma Road, London",SW18 1AA,Young & Co,51.458681,-0.185747,Wandsworth,,,
The Falcon PH,"The Falcon Public House, 2 St Johns Hill, London",SW11 1RU,Mitchell & Butlers,51.46383,-0.168086,Wandsworth,,,
The Flag,"101-103 Culvert Road, London",SW11 5AU,Independent,51.471093,-0.157624,Wandsworth,,,
The Four Thieves,"51 Lavender Gardens, London",SW11 1DJ,Laine pub company,51.464086,-0.162685,Wandsworth,,,
The Fox And Hounds Public House,"167 Upper Richmond Road, London",SW15 6SE,Dunnings,51.460897,-0.217676,Wandsworth,,,
The Furzedown,"118 Mitcham Lane, London",SW16 6NR,Independent,51.424391,-0.141992,Wandsworth,,,
The Gardeners Arms,"268 Merton Road, London",SW18 5JL,Punch Pubs & Co (Punch Taverns),51.448011,-0.199425,Wandsworth,,,
The Garratt Tavern,"89 Garratt Lane, London",SW18 4DW,Heineken,51.452935,-0.190998,Wandsworth,,,
The Goat Pub,"Public House, 66 Battersea Rise, London",SW11 1EQ,Castle (Mitchell & Butlers),51.46098,-0.166423,Wandsworth,,,
The Grove PH,"39 Oldridge Road, London",SW12 8PN,Young & Co,51.448401,-0.151048,Wandsworth,,,
The Half Moon Inn,"93 Lower Richmond Road, London",SW15 1EU,Young & Co,51.467292,-0.220105,Wandsworth,,,
The Hop Pole,"64 Putney Bridge Road, London",SW18 1HR,Independent,51.459278,-0.198233,Wandsworth,,,
The Hope,"1 Bellevue Road, London",SW17 7EG,Castle (Mitchell & Butlers),51.446055,-0.16551,Wandsworth,,,
The Jolly Gardeners,"Jolly Gardener, 61-63 Lacy Road, London",SW15 1NR,Castle (Mitchell & Butlers),51.464596,-0.218468,Wandsworth,,,
The Kings Head,"84 Upper Tooting Road, London",SW17 7PB,Greene King,51.433851,-0.163165,Wandsworth,,,
The Latchmere,"503 Battersea Park Road, London",SW11 3BW,Three Cheers Pub Company (Stonegate partnership),51.471999,-0.165507,Wandsworth,,,
The Leather Bottle,"538 Garratt Lane, London",SW17 0NY,Greene King,51.436869,-0.187173,Wandsworth,,,
The Lighthouse,"441 Battersea Park Road, London",SW11 4LR,City Pub Group,51.47264,-0.162598,Wandsworth,,,
The London and South Western,"276-288 Lavender Hill, London",SW11 1LJ,Wetherspoons,51.464097,-0.167585,Wandsworth,,,
The Magic Garden,"231 Battersea Park Road, London",SW11 4LG,Independent,51.475311,-0.150787,Wandsworth,,,
The Nightingale PH,"The Nightingale, 97 Nightingale Lane, London",SW12 8NX,Young & Co,51.450018,-0.157838,Wandsworth,,,
The Northcote,"2 Northcote Road, London",SW11 1NT,Young & Co,51.460693,-0.1672,Wandsworth,,,
The Old Sergeant,"104 Garratt Lane, London",SW18 4DJ,Grumpy pub company,51.451526,-0.190579,Wandsworth,,,
The Park Tavern,"212 Merton Road, London",SW18 5SW,Independent,51.450564,-0.199411,Wandsworth,,,
The Railway,"202 Upper Richmond Road, London",SW15 6TD,Urban Pubs and Bars,51.461126,-0.217336,Wandsworth,,,
The Ramble Inn,"223 Mitcham Road, London",SW17 9JG,Independent,51.422661,-0.160158,Wandsworth,,,
The Regent,"21 Chestnut Grove, London",SW12 8JB,Livelyhood,51.444093,-0.153904,Wandsworth,,,
The Roundhouse Public House,"2 North Side Wandsworth Common, London",SW18 2SS,City Pub Group,51.459058,-0.174115,Wandsworth,,,
The Royal Standard,"1 Ballantine Street, London",SW18 1AL,Independent,51.460886,-0.186678,Wandsworth,,,
The Selkirk,"60 Selkirk Road, London",SW17 0ES,Indapubs,51.430299,-0.169464,Wandsworth,,,
The Ship Inn,"The Ship, 41 Jews Row, London",SW18 1TB,Young & Co,51.463493,-0.188134,Wandsworth,,,
The Telegraph PH,"The Telegraph, Telegraph Road, London",SW15 3TU,Brunning & Price,51.448792,-0.226444,Wandsworth,,,
The Tir Na Nog,"Public House, 107 Garratt Lane, London",SW18 4DW,Independent,51.452583,-0.190926,Wandsworth,,,
The Union Arms,"109 Battersea Bridge Road, London",SW11 3AT,Stonegate,51.477043,-0.168329,Wandsworth,,,
The Victoria,"166 Queenstown Road, London",SW8 3QH,Heineken,51.47286,-0.148193,Wandsworth,,,
The Wandle of Earlsfield,"The Wandle, 332 Garratt Lane, London",SW18 4EJ,Metropolitan (Greene King),51.44281,-0.189298,Wandsworth,,,
The Waterfront,"Unit C Public House, Baltimore House, Juniper Drive, London",SW18 1TS,Young & Co,51.464225,-0.185412,Wandsworth,,,
The Woodman,"60 Battersea High Street, London",SW11 3HX,Independent,51.473568,-0.173839,Wandsworth,,,
Trafalgar Arms,"148-156 Tooting High Street, London",SW17 0RT,Young & Co,51.425173,-0.171216,Wandsworth,,,
