index,name,add,postcode,filler,owner,status,a,b ,lat,long,city,notes
288338,Bacchus Late Bar & Venue,"2 Church Street, Kingston Upon Thames",KT1 1RJ,owner,Independent,open,517952,169240,51.409935,-0.305444,Kingston upon Thames,
288345,Bar Malden,"1-3 St Georges Square, New Malden",KT3 4HG,owner,Marston's,closed,521377,168604,51.403487,-0.256442,Kingston upon Thames,
288368,Black Horse T/A 88th St T/A Value Mighty T/A Sin City Burger,"204 London Road, Kingston Upon Thames",KT2 6QP,owner,Independent,open,519209,169671,51.413545,-0.287223,Kingston upon Thames,Freehold: Stonegate
288376,Boaters,"The Boaters Inn, Canbury Gardens, Kingston Upon Thames",KT2 5AU,owner,Greene King,open,517916,170244,51.418957,-0.305622,Kingston upon Thames,
288388,Brave New World,"22-26 Berrylands Road, Surbiton",KT5 8RA,owner,Independent,open,518671,167377,51.39303,-0.295722,Kingston upon Thames,
288546,Coronation Hall,"The Coronation Hall, St Mark's Hill, Surbiton",KT6 4LQ,owner,JD Wetherspoon,open,518114,167430,51.393616,-0.303715,Kingston upon Thames,
288609,Duke Of York,"64-65 Victoria Road, Surbiton",KT6 4NQ,owner,Morgan Pub Co,open,517908,167238,51.39194,-0.306744,Kingston upon Thames,
288713,Gordon Bennett Bar & Kitchen,"75 Maple Road, Surbiton",KT6 4AG,owner,independent,closed,517800,167554,51.394803,-0.308191,Kingston upon Thames,
288741,Harts Boatyard,"Portsmouth Road, Surbiton",KT6 4HJ,owner,Mitchells & Butlers,open,517529,167788,51.396961,-0.312,Kingston upon Thames,
288752,Hollywood Bowl,"Charrington Bowl, Kingston Road, Tolworth",KT5 9PB,owner,Hollywood Bowl Group,open,519772,165711,51.377818,-0.280472,Kingston upon Thames,
288825,Kai's Thai Food @ The Cocoanut,"The Cocoanut, 16 Mill Street, Kingston Upon Thames",KT1 2RF,owner,Independent,open,518441,168911,51.406866,-0.298515,Kingston upon Thames,Tom Holland's favourite thai place in london
288854,Kings Tun,"153-157 Clarence Street, Kingston Upon Thames",KT1 1QT,owner,JD Wetherspoon,open,518267,169410,51.411387,-0.300849,Kingston upon Thames,
288880,Kingston Working Mens Club,"25 Old London Road, Kingston Upon Thames",KT2 6ND,owner,Kingston Workmens' Club & Institute,open,518365,169395,51.411232,-0.299446,Kingston upon Thames,
289038,Monkey Puzzle,"The Monkey Puzzle, Leatherhead Road, Chessington",KT9 2NE,owner,Beefeater,closed,517458,162407,51.348615,-0.314795,Kingston upon Thames,
289129,O'Neills,"3 Eden Street, Kingston Upon Thames",KT1 1BQ,owner,Mitchells & Butlers,open,517949,169149,51.409108,-0.305513,Kingston upon Thames,
289218,Queens Head,"144 Richmond Road, Kingston Upon Thames",KT2 5HA,owner,Fulller Smith & Turner,open,518213,170213,51.418623,-0.301355,Kingston upon Thames,
289257,Royal British Legion Chessington,"British Legion Club, Church Lane, Chessington",KT9 2DR,owner,Royal British Legion,open,518516,163519,51.35838,-0.29924,Kingston upon Thames,
289258,Royal British Legion Club Surbiton,"British Legion Club, Hollyfield Road, Surbiton",KT5 9AL,owner,Royal British Legion,open,518886,166659,51.386534,-0.292879,Kingston upon Thames,
289355,Spring Grove Public House,"Spring Grove, 13 Bloomfield Road, Kingston Upon Thames",KT1 2SF,owner,Young's,open,518386,168512,51.403289,-0.299453,Kingston upon Thames,
289377,Steins,"56 High Street, Kingston Upon Thames",KT1 1HN,owner,Independent,open,517778,168925,51.407126,-0.308043,Kingston upon Thames,
289465,The Albert,"57 Kingston Hill, Kingston Upon Thames",KT2 7PX,owner,Young's,open,519430,169975,51.416216,-0.283955,Kingston upon Thames,
289466,The Albion Tavern,"The Albion, 45 Fairfield Road, Kingston Upon Thames",KT1 2PY,owner,Big Smoke Pub Co,open,518477,169174,51.409217,-0.29792,Kingston upon Thames,
289469,The Antelope,"87 Maple Road, Surbiton",KT6 4AW,owner,Big Smoke Pub Co,open,517821,167596,51.395185,-0.307875,Kingston upon Thames,
289472,The Berrylands,"107 Chiltern Drive, Surbiton",KT5 8LS,owner,Handcrafted Pubs,open,519704,167966,51.398115,-0.28068,Kingston upon Thames,Freehold: Wellesley Capital
289474,The Bishop,"2 Bishops Hall, Kingston Upon Thames",KT1 1PY,owner,Young's,open,517773,169277,51.410299,-0.308,Kingston upon Thames,
289475,The Black Lion,"58 Brighton Road, Surbiton",KT6 5PL,owner,Punch Pubs & Co,open,517649,167247,51.392066,-0.310447,Kingston upon Thames,
289478,The Bricklayers Arms,"53 Hawks Road, Kingston Upon Thames",KT1 3DS,owner,Morgan Pub Co,open,518899,169181,51.409198,-0.291838,Kingston upon Thames,Freehold: Greene King
289481,The Canbury Arms,"49 Canbury Park Road, Kingston Upon Thames",KT2 6LQ,owner,Morgan Pub Co,open,518560,169641,51.413402,-0.296561,Kingston upon Thames,
289483,"The Cardinal PH, Peppe Restaurant T/A Cucuzza Feat Peppe","174 Tudor Drive, Kingston Upon Thames",KT2 5QG,owner,independent,open,518410,171101,51.426555,-0.298229,Kingston upon Thames,Freehold: Stonegate
289487,The Chessington Oak,"Chessington Oak, 116 Moor Lane, Chessington",KT9 1HX,owner,Mitchells & Butlers,open,518678,164144,51.363968,-0.296713,Kingston upon Thames,
289495,The Cricketers,"81 Clayton Road, Chessington",KT9 1NQ,owner,Independent,open,517651,164550,51.367829,-0.311319,Kingston upon Thames,Freehold: Admiral Taverns
289498,The Druids Head,"3 Market Place, Kingston Upon Thames",KT1 1JT,owner,Greene King,open,517879,169159,51.409213,-0.306505,Kingston upon Thames,
289499,The Duke Of Buckingham,"104 Villiers Road, Kingston Upon Thames",KT1 3BB,owner,Independent,open,518695,168365,51.401914,-0.295047,Kingston upon Thames,Freehold: Stonegate
289500,The Fighting Cocks,"56 Old London Road, Kingston Upon Thames",KT2 6QA,owner,Independent,open,518456,169334,51.410674,-0.298158,Kingston upon Thames,
289502,The Fox & Hounds,"The Fox And Hounds, 60 Portsmouth Road, Surbiton",KT6 4HS,owner,Independent,open,517546,167664,51.395836,-0.311795,Kingston upon Thames,Freehold: Heineken
289506,The Gazebo,"Riverside Walk, Kingston Upon Thames",KT1 1QN,owner,Samuel Smith,open,517765,169335,51.410821,-0.308098,Kingston upon Thames,
289507,The Glasshouse,"14 Coombe Road, New Malden",KT3 4QE,owner,Independent,open,521313,168693,51.404303,-0.257331,Kingston upon Thames,Freehold: Heineken
289509,The Grey Horse,"46 Richmond Road, Kingston Upon Thames",KT2 5EE,owner,Independent,open,518290,169738,51.41433,-0.300409,Kingston upon Thames,
289510,The Grove,"9 Grove Road, Surbiton",KT6 4BX,owner,Greene King,open,517926,167765,51.396668,-0.306301,Kingston upon Thames,
289517,The Lamb Inn,"73 Brighton Road, Surbiton",KT6 5NF,owner,Independent,open,517585,167243,51.392047,-0.311382,Kingston upon Thames,
289521,The Lucky Rover,"312 Hook Road, Chessington",KT9 1NY,owner,Independent,open,517962,164570,51.367949,-0.306838,Kingston upon Thames,Freehold: Heineken
289524,The Maypole,"2 Hook Road, Surbiton",KT6 5BH,owner,Stonegate,open,518339,166212,51.382629,-0.300893,Kingston upon Thames,
289526,The Mill,"The Kingston Mill, 58-62 High Street, Kingston Upon Thames",KT1 1HN,owner,Mitchells & Butlers,open,517772,168913,51.407023,-0.308143,Kingston upon Thames,
289529,The Norbiton,"16 Clifton Road, Kingston Upon Thames",KT2 6PW,owner,Highpress,open,519087,169691,51.413741,-0.28897,Kingston upon Thames,
289530,The North Star,"271 Hook Road, Chessington",KT9 1EQ,owner,Mitchells & Butlers,open,518045,164904,51.370934,-0.305535,Kingston upon Thames,
289534,The Park Tavern,"19 New Road, Kingston Upon Thames",KT2 6AP,owner,Independent,open,519165,170338,51.41954,-0.287631,Kingston upon Thames,
289538,The Prince Of Wales,"117 Ewell Road, Surbiton",KT6 6AL,owner,Fulller Smith & Turner,open,518552,166998,51.389649,-0.297556,Kingston upon Thames,
289539,The Ram,"34 High Street, Kingston Upon Thames",KT1 1HL,owner,Greene King,open,517797,169041,51.408167,-0.307726,Kingston upon Thames,
289546,The Royal Oak,"261 Ewell Road, Surbiton",KT6 7AA,owner,Stonegate,open,518750,166513,51.385253,-0.294876,Kingston upon Thames,
289548,The Shy Horse,"423 Leatherhead Road, Chessington",KT9 2NQ,owner,Mitchells & Butlers,open,517138,161118,51.337102,-0.319818,Kingston upon Thames,
289550,The Star,"Kingston Road, Malden Rushett, Leatherhead",KT22 0DP,owner,Barons Pubs,open,622675,-5527598,52.68856624,-0.438898088,Kingston upon Thames,
289553,The Surbiton Flyer,"84 Victoria Road, Surbiton",KT6 4NS,owner,Fulller Smith & Turner,open,518034,167327,51.392714,-0.30489,Kingston upon Thames,
289560,The Victoria,"28 Victoria Road, Surbiton",KT6 4JT,owner,Young's,open,517881,167267,51.392206,-0.307122,Kingston upon Thames,
289561,The Watchman,"184 High Street, New Malden",KT3 4ES,owner,JD Wetherspoon,open,521483,168095,51.398889,-0.255093,Kingston upon Thames,
289563,The William Bourne - Also T/A Chik Box & K-Town Chicken,"The William Bourne, 273 Moor Lane, Chessington",KT9 2BQ,owner,Independent,open,622675,-5527598,51.36260305,-0.288992874,Kingston upon Thames,Freehold: Stonegate
289564,The Wych Elm Pub,"The Wych Elm, 93 Elm Road, Kingston Upon Thames",KT2 6HT,owner,Fulller Smith & Turner,open,518718,170057,51.417112,-0.294159,Kingston upon Thames,
289633,Waggon & Horses,"The Waggon And Horses, 1 Surbiton Hill Road, Surbiton",KT6 4TW,owner,Authentic,open,518248,168030,51.398989,-0.301587,Kingston upon Thames,Punch Pubs & Co
289652,Wheelwrights Arms,"The Wheelwrights Arms, 60 Clarence Street, Kingston Upon Thames",KT1 1NP,owner,Unknown,open,518216,169323,51.410619,-0.301619,Kingston upon Thames,Freehold: Heineken
289655,Willoughby Arms,"47 Willoughby Road, Kingston Upon Thames",KT2 6LN,owner,Tavern Property Co,open,518840,169963,51.416238,-0.292429,Kingston upon Thames,
289665,Woodies Freehouse,"Woodies, Thetford Road, New Malden",KT3 5DX,owner,Independent,open,520644,167332,51.392212,-0.267399,Kingston upon Thames,
289666,Woody's,"5 Ram Passage, Kingston Upon Thames",KT1 1HH,owner,Independent,closed,517753,169070,51.408438,-0.308364,Kingston upon Thames,