INDEX,NAME,ADDRESS,POSTCODE,LAT,LONG,LAT ,LONG,BOROUGH,PUB,CLOSED,OWNERSHIP,NOTES,LINKS
543336,196 Tooting High Street,London,SW17 0SF,622675,-5527598,\N,\N,Wandsworth,Yes,No ,Mitchell & Butlers,N/A,
543405,Amiga,"56A Battersea Rise, London",SW11 1EG,527528,175149,51.460959,-0.165705,Wandsworth,No,No ,n/a,MEXICAN,
543417,Apo Restobar,"148 Falcon Road, London",SW11 2LW,527256,175697,51.465936,-0.169421,Wandsworth,No,No ,n/a,FILIPINO,
543427,Archer Street Clapham,"3-7 Northcote Road, London",SW11 1NG,527465,175090,51.460452,-0.166632,Wandsworth,No,No ,n/a,COCKTAIL BAR,
543449,Asparagus,"The Asparagus Public House, 1-13 Falcon Road, London",SW11 2PL,527113,176134,51.469896,-0.171322,Wandsworth,Yes,No ,Portobello Pub Company,OWNED BY ZETLAND CAPITAL,https://www.zetlandcapital.com/insights/portobello-starboard/
543450,Aspen & Meursault,"The Stag Bar, 96 Westbridge Road, London",SW11 3PH,526973,176796,51.475877,-0.173099,Wandsworth,No,Yes,n/a,CLOSED 2017 ALLEGEDLY,
543479,Balham Bowls Club,"Balham Club, 7-9 Ramsden Road, London",SW12 8QX,528494,173384,51.444881,-0.152445,Wandsworth,Yes,No,Urban Pubs and Bars,PREV. ANTIC hospitality group,"https://www.thecaterer.com/news/portfolio-of-antic-pubs-and-bars-enter-administration#:~:text=A%20collection%20of%2013%20London,being%20put%20up%20for%20sale"
543517,Battersea Ironsides Sports Ground,"Burntwood Lane, London",SW17 0AW,622675,-5527598,\N,\N,Wandsworth,No,No,n/a,n/a,
543518,Battersea Labour Club,"Club House, 81-83 Falcon Road, London",SW11 2PF,527209,175853,51.467349,-0.170027,Wandsworth,No,No,Independent,Labour party social club,
543530,Be At One,"30 Putney High Street, London",SW15 1SQ,524102,175542,51.465252,-0.214843,Wandsworth,Yes,No,Stonegate,n/a,
543531,Be At One,"85 Battersea Rise, London",SW11 1HW,527411,175112,51.460662,-0.167401,Wandsworth,Yes,No,Stonegate,n/a,
543539,Beehive PH,"197 St Johns Hill, London",SW11 1TH,526661,175001,51.459825,-0.178225,Wandsworth,Yes,No,Lee and Keris De Villiers,,
543589,Blame Gloria,"89-91 Battersea Rise, London",SW11 1HW,527398,175110,51.460638,-0.167589,Wandsworth,No,No,N/A,Cocktail bar,
543608,Boom Battle Bar (Primary Licence),"89&11 Barley Walk, London",SW18 1UL,525597,174771,51.458002,-0.19362,Wandsworth,Yes ,No,Boom Battle Bar,Axe-throwing bar,
543640,Brewers Inn,Brewers Inn,SW18 2QB,525896,174636,51.456715,-0.189366,Wandsworth,Yes,No,Young & Co,,
543641,Bricklayer's Arms,"32 Waterman Street, London",SW15 1DD,523967,175628,51.466054,-0.216755,Wandsworth,Yes,No,Independent,,
543672,Bunga Bunga,"37 Battersea Bridge Road, London",SW11 3BA,527167,177137,51.478898,-0.170184,Wandsworth,No,yes,n/a,n/a,
543818,Churchill's,Churchill's,SW11 1TQ,526742,175041,51.460165,-0.177045,Wandsworth,Yes,No,Woolwich Tavern Co,n/a,
543832,Club 99,"99 Mitcham Lane, London",SW16 6LY,529335,171129,51.424423,-0.14117,Wandsworth,No,No,n/a,,
543877,Country House,"4 Groton Road, London",SW18 4EP,525963,173005,51.442038,-0.188984,Wandsworth,Yes,No ,Independent,n/a,
543878,County Arms Public House,"345 Trinity Road, Wandsworth, London",SW18 3SH,526965,173925,51.450094,-0.174243,Wandsworth,Yes,No,Young & Co,n/a,
543880,Crabtree Boat Club,"Crabtree Boathouse Club, Embankment, London",SW15 1LB,622675,-5527598,\N,\N,Wandsworth,No,No,n/a,,
543939,Devas Club,"2A Stormont Road, London",SW11 5EN,528148,175605,51.464908,-0.156606,Wandsworth,No,No,n/a,,
543977,Duchess Belle,"101 Battersea Park Road, London",SW8 4DS,529090,177214,51.479163,-0.142465,Wandsworth,Yes,No,Belle Pubs and Restaurants,,
543979,Duke Of Cambridge,"228 Battersea Bridge Road, London",SW11 3AA,527457,176472,51.472856,-0.166236,Wandsworth,Yes,No,Young & Co,,
543980,Dukes Head,"8 Lower Richmond Road, London",SW15 1JN,523939,175765,51.467292,-0.217124,Wandsworth,Yes ,No,Young & Co,,
543985,Eagle Public House,"The Eagle, 104 Chatham Road, London",SW11 6HG,527689,174493,51.455027,-0.163619,Wandsworth,Yes ,No,S.P.S Pubs Ltd,,
544069,Fez Club,"200B Upper Richmond Road, London",SW15 2SH,523992,175047,51.460818,-0.216604,Wandsworth,No,No,n/a,,
544115,Fox and Hounds,"66 Latchmere Road, London",SW11 2JU,527702,175841,51.46713,-0.16294,Wandsworth,Yes ,No,Stonegate,,
544185,Goldfinch,"145 Mitcham Road, London",SW17 9PE,527785,171136,51.424836,-0.163454,Wandsworth,No,No,n/a,cocktail bar,
544208,Graveney & Meadow,"Graveney And Meadow, 40 Mitcham Road, London",SW17 9NA,527533,171361,51.426924,-0.166996,Wandsworth,Yes,Yes,n/a,,
544235,Grosvenor Arms,"204 Garratt Lane, London",SW18 4ED,525906,173595,51.447356,-0.189593,Wandsworth,Yes,No,Independent,,
544250,Hagen & Hyde,"157 Balham High Road, London",SW12 9AU,528526,173268,51.443829,-0.152029,Wandsworth,Yes ,No,Urban Pubs and Bars,,
544255,Halfway House,"521 Garratt Lane, London",SW18 4SR,526084,172970,51.441699,-0.187263,Wandsworth,Yes,No,Young & Co,,
544306,Hawkins Forge,"110 Battersea Rise, London",SW11 1EJ,527296,175116,51.460721,-0.16905,Wandsworth,Yes ,No,Castle (Mitchell & Butlers),,
544364,Hudsons Bar & Restaurant,"Basement And Ground Floors, 113 Lower Richmond Road, London",SW15 1EX,523628,175790,51.467584,-0.221576,Wandsworth,No,No,n/a,Indian place now,
544371,Hurlingham Yacht Club,"43A Deodar Road, London",SW15 2NP,524417,175496,51.46476,-0.210341,Wandsworth,No,No,n/a,Yacht club,
544395,Imperial College Boat Club,"Embankment, London",SW15 1LB,523681,176062,51.470012,-0.220725,Wandsworth,No,No,n/a,,
544410,J J Moons,"56A Tooting High Street, London",SW17 0RN,527424,171470,51.427918,-0.168519,Wandsworth,Yes,No,Wetherspoons,,
544452,Junction,"The Junction Public House, 36 St Johns Hill, London",SW11 1SA,527234,175407,51.463344,-0.169842,Wandsworth,Yes,No,Greene King,,
544500,Kings Head Public House,"1 Roehampton High Street, London",SW15 4HL,522342,173831,51.450257,-0.240758,Wandsworth,Yes,No,Young & Co,,
544610,London Rowing Club,"Embankment, London",SW15 1LB,523681,176062,51.470012,-0.220725,Wandsworth,No,No,N/a,,
544611,London Snooker,"The Broadway Snooker Hall, 2A Lynwood Road, London",SW17 8SA,622675,-5527598,\N,\N,Wandsworth,No,No,n/a,,
544634,Made In Italy,"59 Northcote Road, London",SW11 1NP,527510,174935,51.45904,-0.166041,Wandsworth,No,No,n/a,,
544682,Masons Arms,"169 Battersea Park Road, London",SW8 4BT,528791,176942,51.476778,-0.146868,Wandsworth,Yes,No,Fullers,,
544685,Mayfair Tavern,"127-145 Upper Tooting Road, London",SW17 7TJ,527769,171969,51.432326,-0.163384,Wandsworth,Yes,No,Independent,,
544841,Nine Elms Tavern,"Unit D3, 3 Riverlight Quay, London",SW11 8AY,529427,177562,51.482214,-0.137488,Wandsworth,No,yes,n/a,Luxury flat,
544893,Old Fields,"20 Replingham Road, London",SW18 5LS,524830,173267,51.444646,-0.205184,Wandsworth,Yes,No,Greene King,,
544971,Paya & Horse,"181 Battersea Park Road, London",SW11 4LB,528654,176830,51.475812,-0.148894,Wandsworth,Yes,No,Independent,,
544979,Peachy Queen,"12 Putney High Street, London",SW15 1SL,524123,175602,51.465783,-0.214516,Wandsworth,No,Yes,n/a,Closed cocktail bar,
545006,Pig And Whistle,"479-481 Merton Road, London",SW18 5LD,525429,172884,51.441071,-0.196705,Wandsworth,Yes,No,Grumpy pub company,,
545043,Plough Public House,"89-91 St Johns Hill, London",SW11 1SY,526999,175193,51.461474,-0.173299,Wandsworth,Yes ,No,Adventure Bar Group,,
545093,Prince of Wales,"138 Upper Richmond Road, London",SW15 2SP,524271,174979,51.460146,-0.212624,Wandsworth,Yes,No,Mosaic pub and dining,,
545094,Project Orange,"43 St Johns Hill, London",SW11 1TT,527198,175341,51.46275,-0.170384,Wandsworth,No,No,n/a,Bar,
545105,Putney Club,"63 Upper Richmond Road, London",SW15 2RD,524570,174764,51.458148,-0.208397,Wandsworth,No,No,n/a,Salsa school,
545108,Putney Lawn Tennis Club,"Balmuir Gardens, London",SW15 6NG,523368,175176,51.462121,-0.225538,Wandsworth,No,yes,n/a,Lawn tennis,
545117,Putney Town Bowling Club,"Commondale, London",SW15 1HS,523219,175886,51.468533,-0.227433,Wandsworth,No,Yes,n/a,Unknown,
545122,Queen Adelaide,"35 Putney Bridge Road, London",SW18 1NP,525194,174974,51.459898,-0.199346,Wandsworth,Yes,No,Young & Co,,
545136,Ranelagh Sailing Club,"Embankment, London",SW15 1LB,523681,176062,51.470012,-0.220725,Wandsworth,No ,No,n/a,,
545159,The Woodpecker,"42-44 Battersea High Street, London",SW11 3HX,526917,176584,51.473993,-0.173966,Wandsworth,Yes,No,Pulse Venues,New pub,
545183,Roehampton Youth Club Supporters Association,"Club First Floor Front, 36 Holybourne Avenue, London",SW15 4JE,522325,173704,51.449119,-0.24106,Wandsworth,No,No,n/a,,
545195,Rose and Crown,"Rose And Crown, 140 Tooting Bec Road, London",SW17 8BH,528416,172039,51.432809,-0.154051,Wandsworth,Yes,No,Greene King,,
545206,Royal British Legion Club,"65 Upper Richmond Road, London",SW15 2RD,524554,174780,51.458304,-0.208622,Wandsworth,No,No,n/a,Charity,
545210,Royal Mahal Banqueting,"28 Upper Tooting Road, London",SW17 7PG,527911,172290,51.435179,-0.161227,Wandsworth,No,No,n/a,Wedding venue,
545249,Sambrook's Brewery Tap,"40 Ram Street, London",SW18 1UR,525668,174694,51.457295,-0.192626,Wandsworth,No,No,n/a,Craft brewery,
545358,South London Bowling Club,"19 Lyford Road, London",SW18 3LU,527053,173659,51.447684,-0.173072,Wandsworth,No,No,n/a,,
545365,Southfields Club & Institute,"62 Standen Road, London",SW18 5TG,525054,173539,51.447041,-0.201867,Wandsworth,No,No,n/a,,
545368,Southfields Lawn Tennis Club,"Gressenhall Road, London",SW18 1PQ,524662,174076,51.451961,-0.207308,Wandsworth,No,No,n/a,,
545382,Spotted Horse,"122 Putney High Street, London",SW15 1RG,523993,175254,51.46268,-0.216513,Wandsworth,Yes,No,Young & Co,,
545427,STREATHAM CONSERVATIVE CLUB,STREATHAM CONSERVATIVE CLUB,SW16 6DL,529431,170848,51.421866,-0.139898,Wandsworth,No,No,n/a,Conservative club,
545429,Streatham Park Bowling Club,"Pringle Gardens, London",SW16 1SH,529233,171639,51.429034,-0.142454,Wandsworth,No,No,n/A,,
545503,Tap 13 Tooting,"Unit E5 Broadway Market, 29 Tooting High Street, London",SW17 0RJ,527561,171521,51.42835,-0.166533,Wandsworth,Yes,Yes,n/a,,
545521,TBK Sports Bar and Grill,"4 St Johns Hill, London",SW11 1RU,527337,175463,51.463824,-0.168325,Wandsworth,No,Yes,n/a,,
545528,Tequila Mockingbird,"46 Battersea Rise, London",SW11 1EE,527566,175156,51.461017,-0.165146,Wandsworth,No ,Yes,n/a,,
545529,Tequila Mockingbird,"4-6 Putney High Street, London",SW15 1SL,524119,175617,51.465922,-0.214568,Wandsworth,No,Yes,n/a,,
545530,Tequila Mockingbird,"561 Garratt Lane, London",SW18 4SR,526129,172852,51.440627,-0.186647,Wandsworth,No,Yes,n/a,,
545553,Thames Rowing Club,"Embankment, London",SW15 1LB,523681,176062,51.470012,-0.220725,Wandsworth,No,Yes,n/a,,
545556,The Alma Tavern,"The Alma, 499 Old York Road, London",SW18 1TF,526002,175075,51.460627,-0.187686,Wandsworth,Yes,No,Young & Co,,
545559,The Anchor,"61 Holgate Avenue, London",SW11 2AT,526575,175604,51.465262,-0.179253,Wandsworth,Yes,No,Stonegate,,
545560,The Angel,"The Angel Public House, 11 Roehampton High Street, London",SW15 4HL,522394,173835,51.45029,-0.240008,Wandsworth,Yes,Yes,Unity Social,,
545562,The Antelope,"The Antelope Public House, 76 Mitcham Road, London",SW17 9NG,527606,171268,51.426062,-0.165985,Wandsworth,Yes ,No,Urban Pubs and Bars,,
545565,The Arab Boy,"289 Upper Richmond Road, London",SW15 6SP,523287,175248,51.462781,-0.226681,Wandsworth,Yes,No,Market Taverns,,
545569,The Bank,"31 Northcote Road, London",SW11 1NJ,527478,175014,51.459759,-0.166474,Wandsworth,Yes,Yes,Fullers,,
545571,The Bedford,"77 Bedford Hill, London",SW12 9HD,528723,173148,51.442707,-0.149235,Wandsworth,Yes ,No,Three Cheers Pub Company (Stonegate partnership),,
545575,The Boathouse,"32 Brewhouse Lane, London",SW15 2JX,524247,175540,51.465202,-0.212772,Wandsworth,No,Yes,Young & Co,,
545576,The Bolingbroke,"174 Northcote Road, London",SW11 6RE,527657,174362,51.453857,-0.164132,Wandsworth,Yes ,No,Three Cheers Pub Company (Stonegate partnership),,
545587,The Castle,"38 Tooting High Street, London",SW17 0RG,527467,171552,51.428646,-0.167876,Wandsworth,Yes,No,Languard Investments,https://www.london.camra.org.uk/viewnode.php?id=8316,
545588,The Cats Back,"Public House The Cats Back, 86-88 Point Pleasant, London",SW18 1PP,525182,175187,51.461824,-0.199443,Wandsworth,Yes ,No,Harvey's Brewery,,
545594,The Clapham Grand,"The Grand, 21-25 St Johns Hill, London",SW11 1TT,527271,175366,51.462958,-0.169324,Wandsworth,No,No,n/a,,
545595,The Coat And Badge,"8 Lacy Road, London",SW15 1NL,523980,175456,51.464496,-0.216629,Wandsworth,Yes,No,Mitchell & Butlers,,
545599,The Corner Pin,"10 Summerstown, London",SW17 0AY,526199,172026,51.43319,-0.185937,Merton,Yes,No,Independent,,
545603,The Crown,"Public House The Crown Hotel, 102 Lavender Hill, London",SW11 5RD,528188,175696,51.465723,-0.156005,Wandsworth,Yes,No,Enterprise Inns (Stonegate),,
545607,The Devonshire,"39 Balham High Road, London",SW12 9AN,528736,173611,51.446875,-0.148884,Wandsworth,Yes,No,Young & Co,,
545614,The Earl Spencer,"260-262 Merton Road, London",SW18 5JL,525215,173675,51.448228,-0.199503,Wandsworth,Yes,No,Craft Union Pub Co (Stonegate0,,
545616,The East Hill,"21 Alma Road, London",SW18 1AA,526142,174860,51.458681,-0.185747,Wandsworth,Yes ,No,Young & Co,,
545622,The Falcon PH,"The Falcon Public House, 2 St Johns Hill, London",SW11 1RU,527354,175465,51.46383,-0.168086,Wandsworth,Yes,No,Mitchell & Butlers,,
545627,The Flag,"101-103 Culvert Road, London",SW11 5AU,528061,176290,51.471093,-0.157624,Wandsworth,Yes,No,Independent,,
545632,The Four Thieves,"51 Lavender Gardens, London",SW11 1DJ,527728,175503,51.464086,-0.162685,Wandsworth,Yes,No,Laine pub company,,
545633,The Fox And Hounds Public House,"167 Upper Richmond Road, London",SW15 6SE,523917,175054,51.460897,-0.217676,Wandsworth,Yes,No,Dunnings,,
545635,The Furzedown,"118 Mitcham Lane, London",SW16 6NR,529278,171124,51.424391,-0.141992,Wandsworth,Yes ,No,Independent,,
545637,The Gardeners Arms,"268 Merton Road, London",SW18 5JL,525221,173651,51.448011,-0.199425,Wandsworth,Yes ,No,Punch Pubs & Co (Punch Taverns),,
545639,The Garratt Tavern,"89 Garratt Lane, London",SW18 4DW,525793,174212,51.452935,-0.190998,Wandsworth,Yes,Yes,Heineken,,
545641,The Goat Pub,"Public House, 66 Battersea Rise, London",SW11 1EQ,527478,175150,51.46098,-0.166423,Wandsworth,Yes,No,Castle (Mitchell & Butlers),,
545650,The Green Man,"Wildcroft Road, Putney Heath, London",SW15 3NG,622675,-5527598,\N,\N,Wandsworth,Yes,No,Young & Co,,
545651,The Grove PH,"39 Oldridge Road, London",SW12 8PN,528581,173778,51.448401,-0.151048,Wandsworth,Yes,No,Young & Co,,
545652,The Half Moon Inn,"93 Lower Richmond Road, London",SW15 1EU,523732,175760,51.467292,-0.220105,Wandsworth,Yes,No,Young & Co,,
545654,The Heathfield Club,"17 Sandgate Lane, London",SW18 3JP,527195,173221,51.443707,-0.171188,Wandsworth,No,No,n/a,,
545657,The Hop Pole,"64 Putney Bridge Road, London",SW18 1HR,525273,174907,51.459278,-0.198233,Wandsworth,Yes,No,Independent,,
545658,The Hope,"1 Bellevue Road, London",SW17 7EG,527583,173492,51.446055,-0.16551,Wandsworth,Yes,No,Castle (Mitchell & Butlers),,
545665,The Jolly Gardeners,"Jolly Gardener, 61-63 Lacy Road, London",SW15 1NR,523852,175464,51.464596,-0.218468,Wandsworth,Yes,No,Castle (Mitchell & Butlers),,
545668,The Kings Head,"84 Upper Tooting Road, London",SW17 7PB,527780,172139,51.433851,-0.163165,Wandsworth,Yes,No,Greene King,,
545672,The Latchmere,"503 Battersea Park Road, London",SW11 3BW,527510,176378,51.471999,-0.165507,Wandsworth,Yes,No,Three Cheers Pub Company (Stonegate partnership),,
545673,The Leather Bottle,"538 Garratt Lane, London",SW17 0NY,526103,172433,51.436869,-0.187173,Wandsworth,Yes,No,Greene King,,
545676,The Lighthouse,"441 Battersea Park Road, London",SW11 4LR,527711,176454,51.47264,-0.162598,Wandsworth,Yes,No,City Pub Group,,
545682,The Little Taperia,"143 Tooting High Street, London",SW17 0SY,527321,171188,51.425408,-0.170106,Wandsworth,No,No,n/a,Tapas bar,
545683,The London and South Western,"276-288 Lavender Hill, London",SW11 1LJ,527389,175496,51.464097,-0.167585,Wandsworth,Yes,No ,Wetherspoons,,
545688,The Magic Garden,"231 Battersea Park Road, London",SW11 4LG,528523,176771,51.475311,-0.150787,Wandsworth,Yes,No ,Independent,,
545701,The Nightingale PH,"The Nightingale, 97 Nightingale Lane, London",SW12 8NX,528105,173946,51.450018,-0.157838,Wandsworth,Yes,No,Young & Co,,
545702,The Northcote,"2 Northcote Road, London",SW11 1NT,527425,175116,51.460693,-0.1672,Wandsworth,Yes,No ,Young & Co,,
545704,The Old Sergeant,"104 Garratt Lane, London",SW18 4DJ,525826,174057,51.451526,-0.190579,Wandsworth,Yes,No,Grumpy pub company,,
545708,The Park Tavern,"212 Merton Road, London",SW18 5SW,525215,173934,51.450564,-0.199411,Wandsworth,Yes,No ,Independent,,
545719,The Railway,"202 Upper Richmond Road, London",SW15 6TD,523940,175080,51.461126,-0.217336,Wandsworth,Yes,No,Urban Pubs and Bars,,
545720,The Ramble Inn,"223 Mitcham Road, London",SW17 9JG,528020,170900,51.422661,-0.160158,Wandsworth,Yes,No,Independent,,
545722,The Regent,"21 Chestnut Grove, London",SW12 8JB,528395,173294,51.444093,-0.153904,Wandsworth,Yes ,No,Livelyhood,,
545725,The River Bar,"29 Circus Road West, London",SW11 8EZ,528801,177641,51.483058,-0.14647,Wandsworth,No ,Yes,n/a,,
545731,The Roundhouse Public House,"2 North Side Wandsworth Common, London",SW18 2SS,526948,174923,51.459058,-0.174115,Wandsworth,Yes ,No ,City Pub Group,,
545732,The Royal Standard,"1 Ballantine Street, London",SW18 1AL,526071,175106,51.460886,-0.186678,Wandsworth,Yes ,No,Independent,,
545738,The Selkirk,"60 Selkirk Road, London",SW17 0ES,527352,171733,51.430299,-0.169464,Wandsworth,Yes,No ,Indapubs,,
545740,The Ship Inn,"The Ship, 41 Jews Row, London",SW18 1TB,525963,175392,51.463493,-0.188134,Wandsworth,Yes ,No ,Young & Co,,
545745,The Spencer Club,"The Spencer Lawn Tennis Club, Fieldview, London",SW18 3HF,622675,-5527598,\N,\N,Wandsworth,No,No,n/a,Lawn tennis,
545752,The Tapas Room Ltd,"Unit 3-5, 29 Broadway Market, Tooting High Street, London",SW17 0RJ,527561,171521,51.42835,-0.166533,Wandsworth,No,No,n/a,Tapas bar,
545753,The Telegraph PH,"The Telegraph, Telegraph Road, London",SW15 3TU,523341,173691,51.448792,-0.226444,Wandsworth,Yes ,No,Brunning & Price,,
545754,The Tir Na Nog,"Public House, 107 Garratt Lane, London",SW18 4DW,525799,174173,51.452583,-0.190926,Wandsworth,Yes,No,Independent,,
545756,The Union Arms,"109 Battersea Bridge Road, London",SW11 3AT,527301,176933,51.477043,-0.168329,Wandsworth,Yes,No ,Stonegate,,
545759,The Victoria,"166 Queenstown Road, London",SW8 3QH,528711,176504,51.47286,-0.148193,Wandsworth,Yes,No,Heineken,,
545762,The Wandle of Earlsfield,"The Wandle, 332 Garratt Lane, London",SW18 4EJ,525939,173090,51.44281,-0.189298,Wandsworth,Yes,No,Metropolitan (Greene King),,
545764,The Waterfront,"Unit C Public House, Baltimore House, Juniper Drive, London",SW18 1TS,526150,175478,51.464225,-0.185412,Wandsworth,Yes,No,Young & Co,,
545770,The Woodman,"60 Battersea High Street, London",SW11 3HX,526928,176538,51.473568,-0.173839,Wandsworth,Yes,No ,Independent ,,
545809,Tooting Conservative & Unionist Club,"Club Ground Floor, 12 Ashvale Road, London",SW17 8PW,527607,171401,51.427258,-0.165918,Wandsworth,No,No,n/a,,
545813,Tooting Hub (St Peters Church Hall),"Tooting Hub St Peters Church Hall, 7A Beechcroft Road, London",SW17 7BU,622675,-5527598,\N,\N,Wandsworth,No,No,n/a,,
545819,Tooting Progressive Working,"227 Mitcham Road, London",SW17 9JG,528024,170889,51.422561,-0.16011,Wandsworth,No,No,n/a,Private members club,
545836,Trafalgar Arms,"148-156 Tooting High Street, London",SW17 0RT,527244,171160,51.425173,-0.171216,Wandsworth,Yes,No,Young & Co,,
545869,United Services Club Ltd,"268 Balham High Road, London",SW17 7AJ,528205,172709,51.438878,-0.156848,Wandsworth,No,No,n/a,Private members club,
545876,Vagabond Wines,"Circus Village West, 12 Circus Road West, London",SW11 8EZ,528811,177523,51.482004,-0.146368,Wandsworth,No,No,n/a,Wine bar,
545894,Virgin Active,"112 Dolphin House, Smugglers Way, London",SW18 1DG,525909,175379,51.463379,-0.188907,Wandsworth,No,No,n/a,,
545902,Voodoo,"9 Hildreth Street, London",SW12 9RQ,528585,173357,51.444622,-0.15115,Wandsworth,No,No,n/a,cocktail bar,
545907,Wagamama,"50-54 Putney High Street, London",SW15 1SQ,524081,175485,51.464738,-0.215172,Wandsworth,No,No,n/a,cocktail bar,