index,name,add,postcode,filler,owner,status,a,b,lat, long,city,notes
425931,Be at One,"26-28 York Street, Twickenham",TW1 3LJ,owner,Stonegate,open,516335,173358,51.447266,-0.327328,Richmond upon Thames,
425932,Be At One,"7A Petersham Road, Richmond",TW10 6UH,owner,Stonegate,open,517856,174539,51.45757,-0.30505,Richmond upon Thames,
426103,The Duke,"3 Duke Street, Richmond",TW9 1HP,owner,Tavern Pubs,closed,517905,174979,51.461512,-0.3042,Richmond upon Thames,
426166,CTZN Brew,"29-31 York Street, Twickenham",TW1 3JZ,owner,CTZN Brew,closed,516350,173403,51.447671,-0.32709,Richmond upon Thames,
426206,Duke Of Cambridge,"Kneller Road, Twickenham",TW2 7DT,owner,Independent,open,514621,174214,51.455312,-0.351714,Richmond upon Thames,Freehold: Stonegate
426327,Hare and Hounds,"Hare And Hounds, 214-216 Upper Richmond Road West, East Sheen, London",SW14 8AH,owner,Young's,open,520633,175434,51.46503,-0.264808,Richmond upon Thames,
426350,HMO The Old Ship,"The Old Ship, 3 King Street, Richmond",TW9 1ND,owner,Young's,open,517718,174802,51.459963,-0.306954,Richmond upon Thames,
426623,All Bar One,"1 Kew Road, Kew",TW9 2NQ,owner,Mitchells & Butlers,open,518025,175185,51.463341,-0.302404,Richmond upon Thames,
426707,Prince Albert,"30 Hampton Road, Twickenham",TW2 5QB,owner,Fuller Smith & Turner,open,515169,172765,51.442169,-0.344286,Richmond upon Thames,"Freehold: Fuller Smith & Turner, locally managed"
426708,Prince Of Wales,"136 Hampton Road, Twickenham",TW2 5QR,owner,Independent,open,514905,172465,51.439527,-0.348194,Richmond upon Thames,
426785,Rose of York,"Petersham Road, Richmond",TW10 6UY,owner,Samuel Smith,open,518105,173994,51.452619,-0.301657,Richmond upon Thames,
426882,St Margaret's Tavern,"St Margarets Tavern, 107 St Margarets Road, Twickenham",TW1 2LJ,owner,Greene King,open,516979,174142,51.454184,-0.317804,Richmond upon Thames,
426904,Stokes & Moncreiff,"The Royal Oak, 13 Richmond Road, Twickenham",TW1 3AB,owner,Heron Restaurant Group,closed,516493,173512,51.448622,-0.325012,Richmond upon Thames,
426949,Tap on the Line,"Kew Gardens Railway Station, Station Parade, Kew, Richmond",TW9 3PZ,owner,Fuller Smith & Turner,open,519186,176764,51.47729,-0.285181,Richmond upon Thames,
426950,Tap Tavern,"Richmond Tap Tavern, Princes Street, Richmond",TW9 1ED,owner,The Richmond Town Tavern Ltd,open,518030,174983,51.461515,-0.302399,Richmond upon Thames,
426982,Thai @The Albert,"Prince Albert, 30 Hampton Road, Twickenham",TW2 5QB,owner,Fuller Smith & Turner,open,515149,172743,51.441976,-0.344585,Richmond upon Thames,
426987,The Abercorn Arms,"Abercorn Arms, 76-78 Church Road, Teddington",TW11 8EY,owner,Morgan Pub Co,open,515617,171288,51.428822,-0.338328,Richmond upon Thames,
426988,The Adelaide,"57 Park Road, Teddington",TW11 0AU,owner,Shepherd Neame,open,515889,170719,51.423652,-0.334599,Richmond upon Thames,
426989,The Admiral Nelson,"123 Nelson Road, Twickenham",TW2 7BB,owner,Fuller Smith & Turner,open,514171,173955,51.453067,-0.358255,Richmond upon Thames,
426991,The Ailsa Tavern,"Ailsa Tavern, 263 St Margarets Road, Twickenham",TW1 1NJ,owner,Shepherd Neame,open,516597,174818,51.460339,-0.323077,Richmond upon Thames,
426992,The Albany,"1 Queens Road, Twickenham",TW1 4EZ,owner,Scotsand Estates Ltd,open,515977,173547,51.449042,-0.332408,Richmond upon Thames,
426995,The Angel and Crown,"The Angel And Crown, 5 Church Court, Richmond",TW9 1JL,owner,Fuller Smith & Turner,open,517913,174868,51.460514,-0.304129,Richmond upon Thames,
426996,The Anglers,"Anglers Hotel, 3 Broom Road, Teddington",TW11 9NR,owner,Fuller Smith & Turner,open,516722,171361,51.429251,-0.322417,Richmond upon Thames,
427003,The Bell Inn,"8 Thames Street, Hampton",TW12 2EA,owner,An Authentic Pub Co Ltd,open,514019,169495,51.413021,-0.36189,Richmond upon Thames,
427005,The Bloomsbury,"209 Staines Road, Twickenham",TW2 5BB,owner,Independent,open,514594,172696,51.441675,-0.352577,Richmond upon Thames,Freehold: Heineken
427009,The Bridge Tavern,"The Bridge, 204 Castelnau, Barnes, London",SW13 9DW,owner,Young's,open,522813,177803,51.485852,-0.232611,Richmond upon Thames,
427010,The Britannia,"5 Brewers Lane, Richmond",TW9 1HH,owner,Stonegate,open,517849,174915,51.460951,-0.305026,Richmond upon Thames,
427012,The Brown Dog,"28 Cross Street, Barnes, London",SW13 0AP,owner,Independent,open,521542,175888,51.468907,-0.251559,Richmond upon Thames,
427013,The Bull's Head,"373 Lonsdale Road, Barnes, London",SW13 9PY,owner,Young's,open,521573,176429,51.473772,-0.250927,Richmond upon Thames,
427014,The Cabbage Patch,"67 London Road, Twickenham",TW1 3SZ,owner,Fuller Smith & Turner,open,516147,173526,51.448809,-0.32997,Richmond upon Thames,
427019,The Castlebar,"69-71 High Street, Teddington",TW11 8HA,owner,Independent,open,516162,171136,51.427344,-0.330538,Richmond upon Thames,Freehold: Stonegate
427026,The Coach & Horses,"The Coach And Horses, 27 Barnes High Street, Barnes, London",SW13 9LW,owner,Young's,open,521687,176403,51.473513,-0.249302,Richmond upon Thames,
427027,The Coach And Horses,"8 Kew Green, Kew",TW9 3BH,owner,Young's,open,519083,177424,51.483243,-0.286442,Richmond upon Thames,
427033,The Cricketers,"79 Kew Green, Kew",TW9 3AH,owner,Inda Pubs,open,518933,177672,51.485504,-0.288517,Richmond upon Thames,
427034,The Cricketers,"The Green, Richmond",TW9 1LX,owner,Greene King,open,517664,174850,51.460399,-0.307723,Richmond upon Thames,
427037,The Crown,"128 Lower Mortlake Road, Richmond",TW9 2JZ,owner,Heineken,open,518744,175522,51.46622,-0.29196,Richmond upon Thames,Freehold: Crown Estate
427038,The Crown Inn,"The Crown, 174 Richmond Road, Twickenham",TW1 2NH,owner,Young's,open,516933,173808,51.451192,-0.318576,Richmond upon Thames,
427041,The Duke Of Clarence,"147 High Street, Hampton Hill",TW12 1NJ,owner,Stonegate,open,514383,171038,51.426816,-0.356147,Richmond upon Thames,
427042,The Dukes Head,"42 The Vineyard, Richmond",TW10 6AZ,owner,Independent,open,518230,174666,51.458634,-0.299627,Richmond upon Thames,
427043,The Dysart Petersham,"135 Petersham Road, Petersham",TW10 7AA,owner,Independent,open,518216,173326,51.446593,-0.300276,Richmond upon Thames,
427044,The Eel Pie,"9-11 Church Street, Twickenham",TW1 3NJ,owner,Hall & Woodhouse,open,516388,173330,51.446998,-0.326568,Richmond upon Thames,
427050,The Foresters Arms,"Foresters Arms, 45 High Street, Hampton Wick",KT1 4DG,owner,First Bar Ltd,open,517446,169683,51.414013,-0.312566,Richmond upon Thames,Freehold: Heineken
427051,The Fountain Beefeater,"152 Sixth Cross Road, Twickenham",TW2 5PE,owner,Beefeater (Whitbread),open,514084,172376,51.438902,-0.360029,Richmond upon Thames,
427052,The Fox,"39 Church Street, Twickenham",TW1 3NR,owner,Stonegate,open,516354,173290,51.446646,-0.32707,Richmond upon Thames,
427053,The Fox & Duck,"Fox And Duck, 194 Petersham Road, Petersham",TW10 7AD,owner,Independent,open,518046,173163,51.445164,-0.302781,Richmond upon Thames,
427056,The George,"32 King Street, Twickenham",TW1 3SN,owner,Morgan Pub Co,open,516218,173226,51.446099,-0.329062,Richmond upon Thames,Freehold: Greene King
427067,The Greyhound,"82 Kew Green, Kew",TW9 3AP,owner,Independent,open,519101,177647,51.485241,-0.286101,Richmond upon Thames,Freehold: Stonegate
427070,The Hampton,"The Hampton Pub, 31 Tangley Park Road, Hampton",TW12 3YH,owner,Hampton Ale House Ltd,open,512922,170913,51.425994,-0.377192,Richmond upon Thames,Freehold: Stonegate
427072,The Hogarth,"58 Broad Street, Teddington",TW11 8QY,owner,Independent,open,515732,170963,51.42587,-0.336795,Richmond upon Thames,Freehold: Stonegate
427079,The Jolly Gardeners,"The Jolly Gardener, 36 Lower Richmond Road, Mortlake, London",SW14 7EX,owner,The London Pub Group Ltd,open,520353,175936,51.469601,-0.268658,Richmond upon Thames,
427086,The Marlborough,"46 Friars Stile Road, Richmond",TW10 6NH,owner,Young's,open,518438,174277,51.455085,-0.296779,Richmond upon Thames,
427087,The Masons' Arms,"41 Walpole Road, Teddington",TW11 8PJ,owner,Independent,open,515570,171057,51.426746,-0.339075,Richmond upon Thames,
427088,The Mitre,"20 St Marys Grove, Richmond",TW9 1UY,owner,Independent,open,518779,175174,51.463076,-0.291573,Richmond upon Thames,
427092,The New Inn,"345 Petersham Road, Ham",TW10 7DB,owner,Independent,open,517907,172165,51.436232,-0.305106,Richmond upon Thames,Freehold: Heineken
427096,The Orange Tree,"45 Kew Road, Richmond",TW9 2NQ,owner,Young's,open,518077,175291,51.464283,-0.301634,Richmond upon Thames,Freehold: Greene King
427103,The Pig & Whistle,"Pig And Whistle, 86 Sheen Lane, East Sheen, London",SW14 8LP,owner,Independent,open,520459,175524,51.465867,-0.267274,Richmond upon Thames,
427105,The Plough,"42 Christchurch Road, East Sheen, London",SW14 7AF,owner,Fuller Smith & Turner,open,520214,174952,51.460778,-0.271001,Richmond upon Thames,
427107,The Prince Albert,"54-56 Hounslow Road, Twickenham",TW2 7EX,owner,Fuller Smith & Turner,open,514148,174132,51.454672,-0.358543,Richmond upon Thames,
427108,The Princes Head,"27-28 The Green, Richmond",TW9 1LX,owner,Fuller Smith & Turner,open,517758,174845,51.460341,-0.306358,Richmond upon Thames,
427111,The Railway Bell,"Station Road, Hampton",TW12 2AP,owner,Independent,open,513574,169748,51.415392,-0.368197,Richmond upon Thames,
427112,The Railway Tavern,"28-29 The Quadrant, Richmond",TW9 1DN,owner,Mitchells & Butlers,open,518028,175101,51.462576,-0.302389,Richmond upon Thames,
427116,The Red Cow,"59 Sheen Road, Richmond",TW9 1YJ,owner,Punch Pubs & Co,open,518419,175015,51.461731,-0.296806,Richmond upon Thames,
427117,The Red Lion,"164 Stanley Road, Teddington",TW11 8UD,owner,Independent,open,515139,171507,51.430878,-0.345125,Richmond upon Thames,
427118,The Red Lion,"2 Castelnau, Barnes, London",SW13 9RU,owner,Fuller Smith & Turner,open,522401,176643,51.475508,-0.238937,Richmond upon Thames,
427121,The Rifleman,"7 Fourth Cross Road, Twickenham",TW2 5EL,owner,Independent,open,514860,172531,51.44013,-0.348824,Richmond upon Thames,
427124,The Roebuck,"130 Richmond Hill, Richmond",TW10 6RN,owner,Greene King,open,518322,173983,51.452473,-0.298532,Richmond upon Thames,
427125,The Roebuck,"72 Hampton Road, Hampton Hill",TW12 1JN,owner,Independent,open,514670,171265,51.428798,-0.351962,Richmond upon Thames,
427126,The Royal Oak,"45 Oak Avenue, Hampton",TW12 3NR,owner,Independent,open,512615,170604,51.423269,-0.381704,Richmond upon Thames,
427129,The Shack 68,"68 London Road, Twickenham",TW1 3QS,owner,Heineken,open,516197,173562,51.449132,-0.329253,Richmond upon Thames,"Unclear ownership, formerly independent"
427130,The Shaftesbury Arms,"121-123 Kew Road, Richmond",TW9 2PN,owner,Young's,open,518244,175442,51.465596,-0.299181,Richmond upon Thames,
427131,The Ship,"Thames Bank, Mortlake, London",SW14 7QR,owner,Greene King,open,520390,176132,51.471349,-0.268062,Richmond upon Thames,
427133,The Slug & Lettuce,"The Slug And Lettuce, Water Lane, Richmond",TW9 1TJ,owner,Stonegate,open,622675,-5527598,51.45895347,-0.307888418,Richmond upon Thames,
427140,The Sun Inn,"17 Parkshot, Richmond",TW9 2RG,owner,Fuller Smith & Turner,open,518042,175275,51.464137,-0.302129,Richmond upon Thames,
427141,The Sun Inn,"7 Church Road, Barnes, London",SW13 9HE,owner,Mitchells & Butlers,open,521815,176419,51.47363,-0.247448,Richmond upon Thames,
427142,The Sussex Arms,"15 Staines Road, Twickenham",TW2 5BG,owner,Morgan Pub Co,open,515055,172973,51.444071,-0.345857,Richmond upon Thames,
427143,The Swan,"22 High Street, Hampton Wick",KT1 4DB,owner,Shepherd Neame,open,517574,169528,51.41259,-0.310782,Richmond upon Thames,
427145,The Teddington Arms,"38-40 High Street, Teddington",TW11 8EW,owner,Greene King,open,516078,171100,51.427027,-0.331756,Richmond upon Thames,
427149,The Three Kings,"Three Kings, 42 Heath Road, Twickenham",TW1 4BZ,owner,Independent,open,516025,173149,51.445446,-0.331863,Richmond upon Thames,
427150,The Tide End Cottage,"Tide End Cottage, 8 Ferry Road, Teddington",TW11 9NN,owner,Greene King,open,516630,171379,51.429432,-0.323734,Richmond upon Thames,
427154,The Turk's Head,"28 Winchester Road, Twickenham",TW1 1LF,owner,Fuller Smith & Turner,open,516612,174382,51.456412,-0.323002,Richmond upon Thames,
427156,The Victoria,"10 West Temple Sheen, East Sheen, London",SW14 7RT,owner,Morgan Pub Co,open,519893,174980,51.461098,-0.275596,Richmond upon Thames,
427157,The Victoria Inn,"78 Hill Rise, Richmond",TW10 6UB,owner,Punch Pubs & Co,open,517940,174513,51.457319,-0.30385,Richmond upon Thames,
427162,The White Hart,"1 High Street, Hampton Wick",KT1 4DA,owner,Fuller Smith & Turner,open,517530,169428,51.411701,-0.311439,Richmond upon Thames,
427164,The White Hart,"White Hart Inn, 121 Kneller Road, Twickenham",TW2 7DY,owner,Independent,open,514443,174247,51.455637,-0.354263,Richmond upon Thames,
427165,The White Horse,"14-16 Worple Way, Richmond",TW10 6DF,owner,Independent,open,518463,174996,51.461554,-0.296178,Richmond upon Thames,"Freehold: Fuller Smith & Turner, locally managed"
427166,The White Swan,"25 Old Palace Lane, Richmond",TW9 1PG,owner,Fluid Pub Group,open,517420,174941,51.461274,-0.311204,Richmond upon Thames,
427170,The Winning Post,"Chertsey Road, Twickenham",TW2 6LS,owner,Greene King,open,514318,173317,51.447309,-0.356361,Richmond upon Thames,
427171,The Worlds End,"88 Station Road, Hampton",TW12 2AX,owner,Independent,open,513669,169723,51.415137,-0.366848,Richmond upon Thames,