index,name,add,postcode,filler,owner,status,a,b,lat ,long,city,notes
235928,Abbey Arms,"Abbey Arms 31 Wilton Road, Abbey Wood, Greenwich",SE2 9RH,owner,Independent,open,547352,178994,51.490698,0.121072,Greenwich,
235985,Anchor & Hope,"The Anchor And Hope Riverside, Charlton, Greenwich",SE7 7SS,owner,Greene King,closed,540935,179138,51.493619,0.028753,Greenwich,
235992,Angerstein Hotel,"The Angerstein 108 Woolwich Road, Greenwich",SE10 0LE,owner,SMS Taverns Ltd,open,540175,178302,51.486313,0.017477,Greenwich,
235994,Anglesea Arms,"Anglesea Arms 91 Woolwich New Road, Woolwich, Greenwich",SE18 6EF,owner,Unknown,closed,543614,178663,51.488686,0.06712,Greenwich,
236021,Ashburnham Arms,"Ashburnham Arms 25 Ashburnham Grove, Greenwich",SE10 8UH,owner,Shepherd Neame,open,537937,177067,51.475765,-0.015217,Greenwich,
236089,Belushi's,"Belushis 189 Greenwich High Road, Greenwich",SE10 8JA,owner,Interpub,closed,538101,177323,51.478025,-0.012758,Greenwich,
236092,Berry & Barrel Limited,"18 Well Hall Parade, Eltham, Greenwich",SE9 6SP,owner,Independent,open,542607,175071,51.456664,0.051177,Greenwich,
236115,Black Boy Public House,"Black Boy Southspring, Avery Hill, Greenwich",DA15 8EA,owner,Town Centre Inns,open,544976,173841,51.445011,0.084751,Greenwich,
236118,Blackheath & Newbridge,"22 Charlton Road, Charlton, Greenwich",SE3 7HG,owner,Blackheath Newbridge Social Club Limited,open,540528,177401,51.47812,0.022199,Greenwich,
236188,British Oak,"British Oak 109 Old Dover Road, Blackheath, Greenwich",SE3 8SU,owner,Independent,open,540806,177197,51.476218,0.026132,Greenwich,
236199,Bull Tavern,"The Bull 14 Vincent Road, Woolwich, Greenwich",SE18 6RF,owner,Unknown,closed,543768,178760,51.489518,0.069376,Greenwich,
236400,Crofton Albion Sports & Social Club,"Crofton Albion Sports And Social Club Weigall Road, Kidbrooke, Greenwich",SE12 8HF,owner,Crofton Albion Sports & Social Club,open,540339,175100,51.457489,0.018571,Greenwich,
236402,Crown,"The Crown 176 Trafalgar Road, Greenwich",SE10 9TZ,owner,Stonegate,open,539295,178127,51.484949,0.004742,Greenwich,
236415,Cutty Sark Tavern,"The Cutty Sark 4 - 6 Ballast Quay, Greenwich",SE10 9PD,owner,Young's,open,538936,178270,51.486315,-0.000363,Greenwich,
236451,Dial Arch,"Dial Arch No 1 Street, Woolwich, Greenwich",SE18 6GH,owner,Young's,open,543783,179101,51.49258,0.069735,Greenwich,
236518,Elephant and Castle,"Elephant And Castle 18 Greens End, Woolwich, Greenwich",SE18 6JY,owner,Independent,open,543727,178903,51.490822,0.068848,Greenwich,
236529,Eltham GPO,"4 Passey Place, Eltham, Greenwich",SE9 5DQ,owner,Portobello Brewery,open,542804,174371,51.450324,0.053728,Greenwich,
236532,Eltham Hill Club & Instit,"Eltham Hill Club And Institute 85 Eltham Road, Eltham, Greenwich",SE9 5SU,owner,Greenwich Council,closed,542305,174507,51.451672,0.046611,Greenwich,
236552,Enderby house,"Enderby House 23 Telegraph Avenue, Greenwich",SE10 0TH,owner,Young's,open,539142,178762,51.490689,0.002794,Greenwich,
236578,Farmhouse Public House,"The Farmhouse 52 Jason Walk, Eltham, Greenwich",SE9 3DH,owner,Heineken,open,543229,171764,51.42679,0.058801,Greenwich,
236625,Fox & Hounds,"Fox And Hounds 57 Plumstead Common Road, Plumstead, Greenwich",SE18 3AS,owner,Redhouse pubs group,open,543815,177960,51.482319,0.069731,Greenwich,
236653,Gate Clock PH (JD Wetherspoon PLC),"The Gate Clock Crescent Arcade, Greenwich",SE10 9EJ,owner,JD Wetherspoon,open,622675,-5527598,51.48165869,-0.011112771,Greenwich,
236662,George & Dragon,"George And Dragon 2 Blackheath Hill, Greenwich",SE10 8DE,owner,Independent,open,537949,176748,51.472886,-0.015169,Greenwich,
236700,Great Harry (Wetherspoons),"The Great Harry 7 - 9 Wellington Street, Woolwich, Greenwich",SE18 6PQ,owner,JD Wetherspoon,open,543581,178796,51.489888,0.066701,Greenwich,
236746,Guildford Arms,"Guildford Arms 55 Guildford Grove, Greenwich",SE10 8JY,owner,Independent,open,537965,176912,51.474358,-0.014868,Greenwich,
236765,Hardys Free house,"Hardys 92 Trafalgar Road, Greenwich",SE10 9UW,owner,London Taverns Ltd,closed,539058,178006,51.483918,0.001286,Greenwich,
236830,Hungry Horse (Fox Under the Hill),"Fox Under The Hill 286 Shooters Hill Road, Blackheath, Greenwich",SE18 4LT,owner,Greene King,open,541756,176951,51.47377,0.039704,Greenwich,
236940,King's Arms,"Kings Arms 16 King William Walk, Greenwich",SE10 9JH,owner,Greene King,open,538416,177653,51.480914,-0.008095,Greenwich,
237169,Mitre,"The Mitre 291 Greenwich High Road, Greenwich",SE10 8NA,owner,Mitchells & Butlers,open,538303,177568,51.480174,-0.009753,Greenwich,
237297,North Pole Bar & Restaurant,"131 Greenwich High Road, Greenwich",SE10 8JA,owner,Antarctic Ltd,open,537825,177190,51.476888,-0.016781,Greenwich,
237320,Old Brewery,"The Old Brewery Old Royal Naval College King William Walk, Greenwich",SE10 9LW,owner,Young's,open,538552,177826,51.482426,-0.00607,Greenwich,
237363,Park Tavern,"Park Tavern 45 Passey Place, Eltham, Greenwich",SE9 5DA,owner,Independent,open,542856,174311,51.449766,0.054456,Greenwich,
237424,Plume of Feathers,"Plume Of Feathers 19 Park Vista, Greenwich",SE10 9LZ,owner,Independent,open,622675,-5527598,51.48202881,-0.001138129,Greenwich,
237428,Plumstead Common Working Mens Club,"Plumstead Common Working Mens Club 71 Kirkham Street, Plumstead, Greenwich",SE18 2JS,owner,Plumstead Common Working Mens Club,open,545187,177643,51.479118,0.089345,Greenwich,
237434,Plumstead Radical Club,"Plumstead Radical Club 83 - 88 Walmer Terrace, Plumstead, Greenwich",SE18 7DZ,owner,Plumstead Radical Club,open,544832,178767,51.489311,0.084697,Greenwich,
237465,Prince of Greenwich,"The Prince Albert 72 Royal Hill, Greenwich",SE10 8RT,owner,Independent,open,538298,177131,51.476249,-0.009991,Greenwich,
237509,Richard 1,"Richard I 52 - 54 Royal Hill, Greenwich",SE10 8RT,owner,Young's,open,538315,177169,51.476584,-0.009732,Greenwich,
237513,Rising Sun,"Rising Sun 189 - 191 Eltham High Street, Eltham, Greenwich",SE9 1TS,owner,Independent,open,543132,174454,51.450989,0.058469,Greenwich,
237534,Rose of Denmark,"Rose Of Denmark 296 Woolwich Road, Greenwich",SE7 7AL,owner,Town Centre Inns,open,622675,-5527598,51.4873319,0.025744585,Greenwich,
237535,Roses Public House,"Prince Albert 47 - 49 Hare Street, Woolwich, Greenwich",SE18 6NE,owner,Independent,open,543342,179157,51.493202,0.06341,Greenwich,
237552,Royal Standard,"Royal Standard 44 Vanbrugh Park, Blackheath, Greenwich",SE3 7JQ,owner,Mitchells & Butlers,open,540143,177260,51.476948,0.016608,Greenwich,
237586,SALT WOOLWICH,"15 Major Draper Street, Woolwich, Greenwich",SE18 6GD,owner,Salt London,open,543922,179082,51.492376,0.071724,Greenwich,
237685,sourdough saloon pizza @thestarse18,"Star Inn 158 Plumstead Common Road, Plumstead, Greenwich",SE18 2UL,owner,Independent,open,544430,177809,51.480812,0.078506,Greenwich,
237691,Spanish Galleon,"Spanish Galleon 48 Greenwich Church Street, Greenwich",SE10 9BL,owner,Wellman Taverns,open,538294,177738,51.481698,-0.009817,Greenwich,
237731,Star INN,"Star Inn 158 Plumstead Common Road, Plumstead, Greenwich",SE18 2UL,owner,Independent,open,544430,177809,51.480812,0.078506,Greenwich,Freehold: Stonegate
237732,Star of Greenwich,"Star And Garter 60 Old Woolwich Road, Greenwich",SE10 9NY,owner,Independent,closed,538934,178034,51.484211,-0.00049,Greenwich,
237869,The Bankers Draft,"80 Eltham High Street, Eltham, Greenwich",SE9 1BW,owner,SJ Leisure London Ltd,closed,542703,174397,51.450582,0.052292,Greenwich,
237870,The Bat and Ball,"275 Court Road, Eltham, Greenwich",SE9 4TH,owner,Hideaway Taverns Ltd,open,542305,172799,51.436324,0.045921,Greenwich,
237871,The Beehive,"The Beehive 365 Footscray Road, Eltham, Greenwich",SE9 2DR,owner,Gladewood Taverns,open,544030,173167,51.439195,0.07087,Greenwich,
237874,The Birchwood P.H,"The Birchwood Grovebury Road, Abbey Wood, Greenwich",SE2 9BB,owner,Stonegate,open,546914,179769,51.497776,0.115078,Greenwich,
237878,The Bull Hotel,"The Bull 151 Shooters Hill, Plumstead, Greenwich",SE18 3HP,owner,Independent,open,543913,176456,51.468777,0.070529,Greenwich,
237887,The Castle Tavern Amma‚Äôs Fare,"Castle Tavern 179 Powis Street, Woolwich, Greenwich",SE18 6JL,owner,Independent,open,543220,179098,51.492702,0.06163,Greenwich,
237892,The Coach & Horses,"Coach And Horses 13 Greenwich Market, Greenwich",SE10 9HZ,owner,Young's,open,538355,177715,51.481477,-0.008949,Greenwich,
237905,The Cutty Sark,"The Cutty Sark 14 Joyce Dawson Way, Thamesmead, Greenwich",SE28 8RA,owner,Castlecrown Hotels Ltd,open,546326,180788,51.507076,0.107037,Greenwich,
237907,The Depot,"7 Pegler Square, Kidbrooke, Greenwich",SE3 9FW,owner,Young's,open,540951,175605,51.461883,0.027567,Greenwich,
237909,The Draughts P.H,"Draughts 34 Eltham High Street, Eltham, Greenwich",SE9 1BT,owner,Independent,open,542552,174436,51.450971,0.050145,Greenwich,
237910,The Duke,"The Duke 125 Creek Road, Deptford, Greenwich",SE8 3BU,owner,Stonegate,open,537560,177662,51.481199,-0.020412,Greenwich,
237911,The Vanbrugh,"The Vanbrugh Tavern 91 Colomb Street, Greenwich",SE10 9EZ,owner,ATS Hospitality Ltd,open,539519,177962,51.483411,0.007915,Greenwich,
237913,The Earl of Chatham,"Earl Of Chatham 15 Thomas Street, Woolwich, Greenwich",SE18 6HU,owner,Stonegate,open,543568,178842,51.490306,0.066531,Greenwich,
237926,The George IV,"George Iv 120 Rectory Place, Woolwich, Greenwich",SE18 5BY,owner,Stonegate,open,543154,178848,51.490475,0.060578,Greenwich,
237928,The Gipsy Moth,"The Gipsy Moth 60 Greenwich Church Street, Greenwich",SE10 9BL,owner,Mitchells & Butlers,open,538299,177805,51.482299,-0.009719,Greenwich,
237930,The Graduate,"The Graduate 107 - 109 Blackheath Road, Greenwich",SE10 8PD,owner,Independent,open,537932,176779,51.473169,-0.015402,Greenwich,
237933,The Green Goddess,"43A Vanbrugh Park, Blackheath, Greenwich",SE3 7AA,owner,Independent,open,540297,177284,51.477126,0.018842,Greenwich,
237934,The Greyhound,"The Greyhound 18 Kingsman Parade, Woolwich, Greenwich",SE18 5QE,owner,Admiral Taverns,open,542800,179075,51.492603,0.055571,Greenwich,
237937,The Guard House,"The Guardhouse No 1 Street, Woolwich, Greenwich",SE18 6GH,owner,Young's,open,543783,179101,51.49258,0.069735,Greenwich,
237953,The Long Pond,"110 Westmount Road, Eltham, Greenwich",SE9 1UT,owner,Independent,open,543193,175118,51.456938,0.059625,Greenwich,
237957,The Morden Arms,"Morden Arms 1 Brand Street, Greenwich",SE10 8SP,owner,Independent,open,622675,-5527598,51.47713345,-0.011658618,Greenwich,
237963,The Old Mill,"The Old Mill 1 Old Mill Road, Plumstead, Greenwich",SE18 1QG,owner,Independent,open,544815,177920,51.481711,0.084096,Greenwich,
237966,The Pelton Arms,"Pelton Arms 23 - 25 Pelton Road, Greenwich",SE10 9PQ,owner,Four Keen Inns Ltd,open,539136,178344,51.486929,0.002539,Greenwich,
237970,The Pilot Inn,"Pilot Inn 68 River Way, Greenwich",SE10 0BE,owner,Fuller Smith & Turner,open,539645,179390,51.496212,0.010295,Greenwich,
237972,The Plum Tree Beer Shop,"154 Plumstead Common Road, Plumstead, Greenwich",SE18 2UL,owner,Independent,closed,544440,177812,51.480829,0.078661,Greenwich,
237977,The Red Lion,"Red Lion 6 Red Lion Place, Plumstead, Greenwich",SE18 3RN,owner,Independent,open,543194,176648,51.470691,0.060251,Greenwich,
237979,The River Ale House,"131 Woolwich Road, Greenwich",SE10 0RJ,owner,Independent,open,539846,178291,51.486287,0.012737,Greenwich,
237980,The Rose Inn,"Rose Inn 2 Waverley Road, Plumstead, Greenwich",SE18 7TN,owner,Independent,open,544445,178396,51.486075,0.078972,Greenwich,
237981,The Royal Oak,"Royal Oak 54 Charlton Lane, Charlton, Greenwich",SE7 8LA,owner,Independent,open,541689,178571,51.488347,0.039375,Greenwich,
237982,The Sail Loft,"11 Victoria Parade, Greenwich",SE10 9FR,owner,Fuller Smith & Turner,open,537980,177873,51.482986,-0.014277,Greenwich,
237984,The Ship,"The Ship 205 Plumstead Common Road, Plumstead, Greenwich",SE18 2UJ,owner,The Ship Sports Bar Limited,open,544547,177845,51.481098,0.080214,Greenwich,
237999,The Volunteer,"130 - 132 Plumstead High Street, Plumstead, Greenwich",SE18 1JQ,owner,Stonegate,open,545351,178562,51.487344,0.09208,Greenwich,
238001,The Who'd A Thought It Public House,"The Whoda Thought It 7 Timbercroft Lane, Plumstead, Greenwich",SE18 2SB,owner,Goldenspark (Timber) Ltd,closed,622675,-5527598,51.47913607,0.087463729,Greenwich,
238004,The Yacht,"The Yacht Tavern 5 Crane Street, Greenwich",SE10 9NP,owner,Greene King,open,538697,178081,51.484695,-0.003879,Greenwich,
238039,Trafalgar Tavern,"Trafalgar Tavern Park Row, Greenwich",SE10 9NW,owner,The Trafalgar Tavern Pub Company,open,538722,178013,51.484065,-0.00355,Greenwich,
238143,White Hart Eltham,"White Hart 2 Eltham High Street, Eltham, Greenwich",SE9 1DA,owner,Stonegate,open,542504,174452,51.451126,0.049463,Greenwich,
238190,Ye Olde Rose & Crown,"Rose And Crown 1 Crooms Hill, Greenwich",SE10 8ER,owner,Greene King,open,622675,-5527598,51.47957507,-0.007794298,Greenwich,